--
-- PostgreSQL database dump
--

-- Dumped from database version 12.6 (Ubuntu 12.6-0ubuntu0.20.04.1)
-- Dumped by pg_dump version 12.6 (Ubuntu 12.6-0ubuntu0.20.04.1)

SET statement_timeout = 0;
SET lock_timeout = 0;
SET idle_in_transaction_session_timeout = 0;
SET client_encoding = 'UTF8';
SET standard_conforming_strings = on;
SELECT pg_catalog.set_config('search_path', '', false);
SET check_function_bodies = false;
SET xmloption = content;
SET client_min_messages = warning;
SET row_security = off;

SET default_tablespace = '';

SET default_table_access_method = heap;

--
-- Name: Agent; Type: TABLE; Schema: public; Owner: sa
--

CREATE TABLE public."Agent" (
    "AgentId" integer NOT NULL,
    "Name" text NOT NULL,
    "Address" text,
    "City" text,
    "ZipCode" text,
    "Phone" text,
    "MobilePhone" text,
    "Email" text,
    "Website" text,
    "Vergi" text
);


ALTER TABLE public."Agent" OWNER TO sa;

--
-- Name: AgentCustomer; Type: TABLE; Schema: public; Owner: sa
--

CREATE TABLE public."AgentCustomer" (
    "CustomerId" integer NOT NULL,
    "AgentId" integer NOT NULL,
    "Rate" double precision NOT NULL
);


ALTER TABLE public."AgentCustomer" OWNER TO sa;

--
-- Name: Agent_AgentId_seq; Type: SEQUENCE; Schema: public; Owner: sa
--

ALTER TABLE public."Agent" ALTER COLUMN "AgentId" ADD GENERATED BY DEFAULT AS IDENTITY (
    SEQUENCE NAME public."Agent_AgentId_seq"
    START WITH 1
    INCREMENT BY 1
    NO MINVALUE
    NO MAXVALUE
    CACHE 1
);


--
-- Name: AlertDataView; Type: TABLE; Schema: public; Owner: sa
--

CREATE TABLE public."AlertDataView" (
    "Id" integer NOT NULL,
    "AlertType" text,
    "Data" text
);


ALTER TABLE public."AlertDataView" OWNER TO sa;

--
-- Name: AspNetRoleClaims; Type: TABLE; Schema: public; Owner: sa
--

CREATE TABLE public."AspNetRoleClaims" (
    "Id" integer NOT NULL,
    "RoleId" text NOT NULL,
    "ClaimType" text,
    "ClaimValue" text
);


ALTER TABLE public."AspNetRoleClaims" OWNER TO sa;

--
-- Name: AspNetRoleClaims_Id_seq; Type: SEQUENCE; Schema: public; Owner: sa
--

ALTER TABLE public."AspNetRoleClaims" ALTER COLUMN "Id" ADD GENERATED BY DEFAULT AS IDENTITY (
    SEQUENCE NAME public."AspNetRoleClaims_Id_seq"
    START WITH 1
    INCREMENT BY 1
    NO MINVALUE
    NO MAXVALUE
    CACHE 1
);


--
-- Name: AspNetRoles; Type: TABLE; Schema: public; Owner: sa
--

CREATE TABLE public."AspNetRoles" (
    "Id" text NOT NULL,
    "Name" character varying(256),
    "NormalizedName" character varying(256),
    "ConcurrencyStamp" text
);


ALTER TABLE public."AspNetRoles" OWNER TO sa;

--
-- Name: AspNetUserClaims; Type: TABLE; Schema: public; Owner: sa
--

CREATE TABLE public."AspNetUserClaims" (
    "Id" integer NOT NULL,
    "UserId" text NOT NULL,
    "ClaimType" text,
    "ClaimValue" text
);


ALTER TABLE public."AspNetUserClaims" OWNER TO sa;

--
-- Name: AspNetUserClaims_Id_seq; Type: SEQUENCE; Schema: public; Owner: sa
--

ALTER TABLE public."AspNetUserClaims" ALTER COLUMN "Id" ADD GENERATED BY DEFAULT AS IDENTITY (
    SEQUENCE NAME public."AspNetUserClaims_Id_seq"
    START WITH 1
    INCREMENT BY 1
    NO MINVALUE
    NO MAXVALUE
    CACHE 1
);


--
-- Name: AspNetUserLogins; Type: TABLE; Schema: public; Owner: sa
--

CREATE TABLE public."AspNetUserLogins" (
    "LoginProvider" text NOT NULL,
    "ProviderKey" text NOT NULL,
    "ProviderDisplayName" text,
    "UserId" text NOT NULL
);


ALTER TABLE public."AspNetUserLogins" OWNER TO sa;

--
-- Name: AspNetUserRoles; Type: TABLE; Schema: public; Owner: sa
--

CREATE TABLE public."AspNetUserRoles" (
    "UserId" text NOT NULL,
    "RoleId" text NOT NULL
);


ALTER TABLE public."AspNetUserRoles" OWNER TO sa;

--
-- Name: AspNetUserTokens; Type: TABLE; Schema: public; Owner: sa
--

CREATE TABLE public."AspNetUserTokens" (
    "UserId" text NOT NULL,
    "LoginProvider" text NOT NULL,
    "Name" text NOT NULL,
    "Value" text
);


ALTER TABLE public."AspNetUserTokens" OWNER TO sa;

--
-- Name: AspNetUsers; Type: TABLE; Schema: public; Owner: sa
--

CREATE TABLE public."AspNetUsers" (
    "Id" text NOT NULL,
    "UserName" character varying(256),
    "NormalizedUserName" character varying(256),
    "Email" character varying(256),
    "NormalizedEmail" character varying(256),
    "EmailConfirmed" boolean NOT NULL,
    "PasswordHash" text,
    "SecurityStamp" text,
    "ConcurrencyStamp" text,
    "PhoneNumber" text,
    "PhoneNumberConfirmed" boolean NOT NULL,
    "TwoFactorEnabled" boolean NOT NULL,
    "LockoutEnd" timestamp with time zone,
    "LockoutEnabled" boolean NOT NULL,
    "AccessFailedCount" integer NOT NULL
);


ALTER TABLE public."AspNetUsers" OWNER TO sa;

--
-- Name: Bill; Type: TABLE; Schema: public; Owner: sa
--

CREATE TABLE public."Bill" (
    "BillId" integer NOT NULL,
    "BillName" text,
    "VendorInvoiceNumber" text,
    "BillDate" timestamp with time zone NOT NULL,
    "BillDueDate" timestamp with time zone NOT NULL,
    "Amount" double precision NOT NULL,
    "UsdAmount" double precision NOT NULL,
    "EuroAmount" double precision NOT NULL,
    "Paid" double precision NOT NULL,
    "KDV" double precision NOT NULL,
    "VendorId" integer,
    "ExchangeRate" double precision NOT NULL,
    "Comment" text
);


ALTER TABLE public."Bill" OWNER TO sa;

--
-- Name: BillBankDataView; Type: TABLE; Schema: public; Owner: sa
--

CREATE TABLE public."BillBankDataView" (
    "BillId" integer NOT NULL,
    "Data" text
);


ALTER TABLE public."BillBankDataView" OWNER TO sa;

--
-- Name: BillDataView; Type: TABLE; Schema: public; Owner: sa
--

CREATE TABLE public."BillDataView" (
    "BillId" integer NOT NULL,
    "Data" text
);


ALTER TABLE public."BillDataView" OWNER TO sa;

--
-- Name: BillDocumentFile; Type: TABLE; Schema: public; Owner: sa
--

CREATE TABLE public."BillDocumentFile" (
    "DocumentFileId" integer NOT NULL,
    "BillId" integer NOT NULL
);


ALTER TABLE public."BillDocumentFile" OWNER TO sa;

--
-- Name: Bill_BillId_seq; Type: SEQUENCE; Schema: public; Owner: sa
--

ALTER TABLE public."Bill" ALTER COLUMN "BillId" ADD GENERATED BY DEFAULT AS IDENTITY (
    SEQUENCE NAME public."Bill_BillId_seq"
    START WITH 1
    INCREMENT BY 1
    NO MINVALUE
    NO MAXVALUE
    CACHE 1
);


--
-- Name: Box; Type: TABLE; Schema: public; Owner: sa
--

CREATE TABLE public."Box" (
    "BoxId" integer NOT NULL,
    "PalletId" integer NOT NULL,
    "Barcode" text,
    "YarnType" text,
    "Denier" integer NOT NULL,
    "Filament" integer NOT NULL,
    "Intermingle" text,
    "Color" text,
    "ColorCode" text,
    "BobbinSize" text,
    "Weight" double precision NOT NULL,
    "Price" double precision NOT NULL,
    "RemainWeight" double precision NOT NULL,
    "Sold" boolean NOT NULL,
    "Note" text,
    "IsDelivered" boolean NOT NULL,
    "DeliveryDate" timestamp with time zone NOT NULL
);


ALTER TABLE public."Box" OWNER TO sa;

--
-- Name: BoxDataView; Type: TABLE; Schema: public; Owner: sa
--

CREATE TABLE public."BoxDataView" (
    "BoxId" integer NOT NULL,
    "Data" text
);


ALTER TABLE public."BoxDataView" OWNER TO sa;

--
-- Name: BoxFilter; Type: TABLE; Schema: public; Owner: sa
--

CREATE TABLE public."BoxFilter" (
    "BoxFilterId" integer NOT NULL,
    "ColumnName" text,
    "Keywords" text
);


ALTER TABLE public."BoxFilter" OWNER TO sa;

--
-- Name: BoxFilter_BoxFilterId_seq; Type: SEQUENCE; Schema: public; Owner: sa
--

ALTER TABLE public."BoxFilter" ALTER COLUMN "BoxFilterId" ADD GENERATED BY DEFAULT AS IDENTITY (
    SEQUENCE NAME public."BoxFilter_BoxFilterId_seq"
    START WITH 1
    INCREMENT BY 1
    NO MINVALUE
    NO MAXVALUE
    CACHE 1
);


--
-- Name: Box_BoxId_seq; Type: SEQUENCE; Schema: public; Owner: sa
--

ALTER TABLE public."Box" ALTER COLUMN "BoxId" ADD GENERATED BY DEFAULT AS IDENTITY (
    SEQUENCE NAME public."Box_BoxId_seq"
    START WITH 1
    INCREMENT BY 1
    NO MINVALUE
    NO MAXVALUE
    CACHE 1
);


--
-- Name: ContainerPlan; Type: TABLE; Schema: public; Owner: sa
--

CREATE TABLE public."ContainerPlan" (
    "ContainerPlanId" integer NOT NULL,
    "Name" text,
    "EstimateArrivalDate" timestamp with time zone NOT NULL,
    "Note" text
);


ALTER TABLE public."ContainerPlan" OWNER TO sa;

--
-- Name: ContainerPlanDocumentFile; Type: TABLE; Schema: public; Owner: sa
--

CREATE TABLE public."ContainerPlanDocumentFile" (
    "DocumentFileId" integer NOT NULL,
    "ContainerPlanId" integer NOT NULL
);


ALTER TABLE public."ContainerPlanDocumentFile" OWNER TO sa;

--
-- Name: ContainerPlanPalletPlan; Type: TABLE; Schema: public; Owner: sa
--

CREATE TABLE public."ContainerPlanPalletPlan" (
    "PalletPlanId" integer NOT NULL,
    "ContainerPlanId" integer NOT NULL,
    "Customer" text
);


ALTER TABLE public."ContainerPlanPalletPlan" OWNER TO sa;

--
-- Name: ContainerPlan_ContainerPlanId_seq; Type: SEQUENCE; Schema: public; Owner: sa
--

ALTER TABLE public."ContainerPlan" ALTER COLUMN "ContainerPlanId" ADD GENERATED BY DEFAULT AS IDENTITY (
    SEQUENCE NAME public."ContainerPlan_ContainerPlanId_seq"
    START WITH 1
    INCREMENT BY 1
    NO MINVALUE
    NO MAXVALUE
    CACHE 1
);


--
-- Name: Currency; Type: TABLE; Schema: public; Owner: sa
--

CREATE TABLE public."Currency" (
    "CurrencyId" integer NOT NULL,
    "CurrencyName" text NOT NULL,
    "CurrencyCode" text NOT NULL,
    "Description" text
);


ALTER TABLE public."Currency" OWNER TO sa;

--
-- Name: Currency_CurrencyId_seq; Type: SEQUENCE; Schema: public; Owner: sa
--

ALTER TABLE public."Currency" ALTER COLUMN "CurrencyId" ADD GENERATED BY DEFAULT AS IDENTITY (
    SEQUENCE NAME public."Currency_CurrencyId_seq"
    START WITH 1
    INCREMENT BY 1
    NO MINVALUE
    NO MAXVALUE
    CACHE 1
);


--
-- Name: Customer; Type: TABLE; Schema: public; Owner: sa
--

CREATE TABLE public."Customer" (
    "CustomerId" integer NOT NULL,
    "CustomerName" text NOT NULL,
    "Address" text,
    "City" text,
    "ZipCode" text,
    "Phone" text,
    "MobilePhone" text,
    "Email" text,
    "Gmail" text,
    "Website" text,
    "Vergi" text,
    "Rate" integer NOT NULL
);


ALTER TABLE public."Customer" OWNER TO sa;

--
-- Name: CustomerDataView; Type: TABLE; Schema: public; Owner: sa
--

CREATE TABLE public."CustomerDataView" (
    "CustomerId" integer NOT NULL,
    "Data" text
);


ALTER TABLE public."CustomerDataView" OWNER TO sa;

--
-- Name: Customer_CustomerId_seq; Type: SEQUENCE; Schema: public; Owner: sa
--

ALTER TABLE public."Customer" ALTER COLUMN "CustomerId" ADD GENERATED BY DEFAULT AS IDENTITY (
    SEQUENCE NAME public."Customer_CustomerId_seq"
    START WITH 1
    INCREMENT BY 1
    NO MINVALUE
    NO MAXVALUE
    CACHE 1
);


--
-- Name: DatabaseLogs; Type: TABLE; Schema: public; Owner: sa
--

CREATE TABLE public."DatabaseLogs" (
    "DatabaseLogId" integer NOT NULL,
    "EntryDate" timestamp with time zone NOT NULL,
    "Description" text
);


ALTER TABLE public."DatabaseLogs" OWNER TO sa;

--
-- Name: DatabaseLogs_DatabaseLogId_seq; Type: SEQUENCE; Schema: public; Owner: sa
--

ALTER TABLE public."DatabaseLogs" ALTER COLUMN "DatabaseLogId" ADD GENERATED BY DEFAULT AS IDENTITY (
    SEQUENCE NAME public."DatabaseLogs_DatabaseLogId_seq"
    START WITH 1
    INCREMENT BY 1
    NO MINVALUE
    NO MAXVALUE
    CACHE 1
);


--
-- Name: DocumentFile; Type: TABLE; Schema: public; Owner: sa
--

CREATE TABLE public."DocumentFile" (
    "DocumentFileId" integer NOT NULL,
    "FileName" text
);


ALTER TABLE public."DocumentFile" OWNER TO sa;

--
-- Name: DocumentFile_DocumentFileId_seq; Type: SEQUENCE; Schema: public; Owner: sa
--

ALTER TABLE public."DocumentFile" ALTER COLUMN "DocumentFileId" ADD GENERATED BY DEFAULT AS IDENTITY (
    SEQUENCE NAME public."DocumentFile_DocumentFileId_seq"
    START WITH 1
    INCREMENT BY 1
    NO MINVALUE
    NO MAXVALUE
    CACHE 1
);


--
-- Name: GoodsContainer; Type: TABLE; Schema: public; Owner: sa
--

CREATE TABLE public."GoodsContainer" (
    "GoodsContainerId" integer NOT NULL,
    "Name" text,
    "ImportDate" timestamp with time zone NOT NULL,
    "ReleaseDate" timestamp with time zone NOT NULL,
    "Note" text
);


ALTER TABLE public."GoodsContainer" OWNER TO sa;

--
-- Name: GoodsContainerDocumentFile; Type: TABLE; Schema: public; Owner: sa
--

CREATE TABLE public."GoodsContainerDocumentFile" (
    "DocumentFileId" integer NOT NULL,
    "GoodsContainerId" integer NOT NULL
);


ALTER TABLE public."GoodsContainerDocumentFile" OWNER TO sa;

--
-- Name: GoodsContainerPallet; Type: TABLE; Schema: public; Owner: sa
--

CREATE TABLE public."GoodsContainerPallet" (
    "GoodsContainerId" integer NOT NULL,
    "PalletId" integer NOT NULL
);


ALTER TABLE public."GoodsContainerPallet" OWNER TO sa;

--
-- Name: GoodsContainer_GoodsContainerId_seq; Type: SEQUENCE; Schema: public; Owner: sa
--

ALTER TABLE public."GoodsContainer" ALTER COLUMN "GoodsContainerId" ADD GENERATED BY DEFAULT AS IDENTITY (
    SEQUENCE NAME public."GoodsContainer_GoodsContainerId_seq"
    START WITH 1
    INCREMENT BY 1
    NO MINVALUE
    NO MAXVALUE
    CACHE 1
);


--
-- Name: Invoice; Type: TABLE; Schema: public; Owner: sa
--

CREATE TABLE public."Invoice" (
    "InvoiceId" integer NOT NULL,
    "InvoiceDate" timestamp with time zone NOT NULL,
    "InvoiceDueDate" timestamp with time zone NOT NULL,
    "CustomerId" integer,
    "TotalUsd" double precision NOT NULL,
    "Tax" double precision NOT NULL,
    "Kdv" double precision NOT NULL,
    "ExchangeRate" double precision NOT NULL,
    "StateInvoiceNumber" integer NOT NULL,
    "Discount" double precision NOT NULL,
    "Paid" double precision NOT NULL,
    "Currency" text,
    "OrderId" integer NOT NULL,
    "Comment" text,
    "DriverName" text,
    "DriverRegistrationNumber" text,
    "HasOfficialInvoice" boolean NOT NULL
);


ALTER TABLE public."Invoice" OWNER TO sa;

--
-- Name: InvoiceBox; Type: TABLE; Schema: public; Owner: sa
--

CREATE TABLE public."InvoiceBox" (
    "BoxId" integer NOT NULL,
    "InvoiceId" integer NOT NULL,
    "Weight" double precision NOT NULL
);


ALTER TABLE public."InvoiceBox" OWNER TO sa;

--
-- Name: InvoiceDataView; Type: TABLE; Schema: public; Owner: sa
--

CREATE TABLE public."InvoiceDataView" (
    "InvoiceId" integer NOT NULL,
    "Data" text
);


ALTER TABLE public."InvoiceDataView" OWNER TO sa;

--
-- Name: InvoiceDocumentFile; Type: TABLE; Schema: public; Owner: sa
--

CREATE TABLE public."InvoiceDocumentFile" (
    "DocumentFileId" integer NOT NULL,
    "InvoiceId" integer NOT NULL
);


ALTER TABLE public."InvoiceDocumentFile" OWNER TO sa;

--
-- Name: InvoicePallet; Type: TABLE; Schema: public; Owner: sa
--

CREATE TABLE public."InvoicePallet" (
    "InvoiceId" integer NOT NULL,
    "PalletId" integer NOT NULL,
    "Weight" double precision NOT NULL
);


ALTER TABLE public."InvoicePallet" OWNER TO sa;

--
-- Name: InvoicePayment; Type: TABLE; Schema: public; Owner: sa
--

CREATE TABLE public."InvoicePayment" (
    "InvoicePaymentId" integer NOT NULL,
    "InvoiceId" integer NOT NULL,
    "Amount" double precision NOT NULL,
    "ExchangeRate" double precision NOT NULL,
    "PaymentDate" timestamp with time zone NOT NULL
);


ALTER TABLE public."InvoicePayment" OWNER TO sa;

--
-- Name: InvoicePayment_InvoicePaymentId_seq; Type: SEQUENCE; Schema: public; Owner: sa
--

ALTER TABLE public."InvoicePayment" ALTER COLUMN "InvoicePaymentId" ADD GENERATED BY DEFAULT AS IDENTITY (
    SEQUENCE NAME public."InvoicePayment_InvoicePaymentId_seq"
    START WITH 1
    INCREMENT BY 1
    NO MINVALUE
    NO MAXVALUE
    CACHE 1
);


--
-- Name: Invoice_InvoiceId_seq; Type: SEQUENCE; Schema: public; Owner: sa
--

ALTER TABLE public."Invoice" ALTER COLUMN "InvoiceId" ADD GENERATED BY DEFAULT AS IDENTITY (
    SEQUENCE NAME public."Invoice_InvoiceId_seq"
    START WITH 1
    INCREMENT BY 1
    NO MINVALUE
    NO MAXVALUE
    CACHE 1
);


--
-- Name: Leave; Type: TABLE; Schema: public; Owner: sa
--

CREATE TABLE public."Leave" (
    "LeaveId" integer NOT NULL,
    "LeaveStartDate" timestamp with time zone NOT NULL,
    "LeaveEndDate" timestamp with time zone NOT NULL,
    "Description" text,
    "VendorId" integer NOT NULL
);


ALTER TABLE public."Leave" OWNER TO sa;

--
-- Name: Leave_LeaveId_seq; Type: SEQUENCE; Schema: public; Owner: sa
--

ALTER TABLE public."Leave" ALTER COLUMN "LeaveId" ADD GENERATED BY DEFAULT AS IDENTITY (
    SEQUENCE NAME public."Leave_LeaveId_seq"
    START WITH 1
    INCREMENT BY 1
    NO MINVALUE
    NO MAXVALUE
    CACHE 1
);


--
-- Name: Order; Type: TABLE; Schema: public; Owner: sa
--

CREATE TABLE public."Order" (
    "OrderId" integer NOT NULL,
    "OrderDate" timestamp with time zone NOT NULL,
    "CustomerId" integer,
    "Comment" text,
    "Status" text
);


ALTER TABLE public."Order" OWNER TO sa;

--
-- Name: OrderDocumentFile; Type: TABLE; Schema: public; Owner: sa
--

CREATE TABLE public."OrderDocumentFile" (
    "DocumentFileId" integer NOT NULL,
    "OrderId" integer NOT NULL
);


ALTER TABLE public."OrderDocumentFile" OWNER TO sa;

--
-- Name: Order_OrderId_seq; Type: SEQUENCE; Schema: public; Owner: sa
--

ALTER TABLE public."Order" ALTER COLUMN "OrderId" ADD GENERATED BY DEFAULT AS IDENTITY (
    SEQUENCE NAME public."Order_OrderId_seq"
    START WITH 1
    INCREMENT BY 1
    NO MINVALUE
    NO MAXVALUE
    CACHE 1
);


--
-- Name: Pallet; Type: TABLE; Schema: public; Owner: sa
--

CREATE TABLE public."Pallet" (
    "PalletId" integer NOT NULL,
    "PalletNumber" text,
    "Barcode" text,
    "YarnType" text,
    "Denier" integer NOT NULL,
    "Filament" integer NOT NULL,
    "Lustre" text,
    "Intermingle" text,
    "Color" text,
    "ColorCode" text,
    "BobbinSize" text,
    "PalletName" text,
    "Weight" double precision NOT NULL,
    "Price" double precision NOT NULL,
    "RemainWeight" double precision NOT NULL,
    "Sold" boolean NOT NULL,
    "Note" text,
    "Lot" text,
    "Warehouse" text,
    "Details" text,
    "Title" text,
    "Image" text,
    "ThumbnailImage" text,
    "NumberOfItems" integer NOT NULL,
    "RemainingItems" integer NOT NULL,
    "IsOnlineProduct" boolean NOT NULL,
    "IsDelivered" boolean NOT NULL,
    "DeliveryDate" timestamp with time zone NOT NULL
);


ALTER TABLE public."Pallet" OWNER TO sa;

--
-- Name: PalletDataView; Type: TABLE; Schema: public; Owner: sa
--

CREATE TABLE public."PalletDataView" (
    "PalletId" integer NOT NULL,
    "Data" text
);


ALTER TABLE public."PalletDataView" OWNER TO sa;

--
-- Name: PalletFilter; Type: TABLE; Schema: public; Owner: sa
--

CREATE TABLE public."PalletFilter" (
    "PalletFilterId" integer NOT NULL,
    "ColumnName" text,
    "Keywords" text
);


ALTER TABLE public."PalletFilter" OWNER TO sa;

--
-- Name: PalletFilter_PalletFilterId_seq; Type: SEQUENCE; Schema: public; Owner: sa
--

ALTER TABLE public."PalletFilter" ALTER COLUMN "PalletFilterId" ADD GENERATED BY DEFAULT AS IDENTITY (
    SEQUENCE NAME public."PalletFilter_PalletFilterId_seq"
    START WITH 1
    INCREMENT BY 1
    NO MINVALUE
    NO MAXVALUE
    CACHE 1
);


--
-- Name: PalletPlan; Type: TABLE; Schema: public; Owner: sa
--

CREATE TABLE public."PalletPlan" (
    "PalletPlanId" integer NOT NULL,
    "Details" text,
    "Weight" double precision NOT NULL
);


ALTER TABLE public."PalletPlan" OWNER TO sa;

--
-- Name: PalletPlan_PalletPlanId_seq; Type: SEQUENCE; Schema: public; Owner: sa
--

ALTER TABLE public."PalletPlan" ALTER COLUMN "PalletPlanId" ADD GENERATED BY DEFAULT AS IDENTITY (
    SEQUENCE NAME public."PalletPlan_PalletPlanId_seq"
    START WITH 1
    INCREMENT BY 1
    NO MINVALUE
    NO MAXVALUE
    CACHE 1
);


--
-- Name: Pallet_PalletId_seq; Type: SEQUENCE; Schema: public; Owner: sa
--

ALTER TABLE public."Pallet" ALTER COLUMN "PalletId" ADD GENERATED BY DEFAULT AS IDENTITY (
    SEQUENCE NAME public."Pallet_PalletId_seq"
    START WITH 1
    INCREMENT BY 1
    NO MINVALUE
    NO MAXVALUE
    CACHE 1
);


--
-- Name: Pallets; Type: TABLE; Schema: public; Owner: sa
--

CREATE TABLE public."Pallets" (
    "PalletId" integer NOT NULL,
    "PalletNumber" text,
    "Barcode" text,
    "YarnType" text,
    "Denier" integer NOT NULL,
    "Filament" integer NOT NULL,
    "Lustre" text,
    "Intermingle" text,
    "Color" text,
    "ColorCode" text,
    "BobbinSize" text,
    "PalletName" text,
    "Weight" double precision NOT NULL,
    "Price" double precision NOT NULL,
    "RemainWeight" double precision NOT NULL,
    "Sold" boolean NOT NULL,
    "Note" text,
    "Lot" text,
    "Warehouse" text,
    "Details" text,
    "Title" text,
    "Image" text,
    "ThumbnailImage" text,
    "NumberOfItems" integer NOT NULL,
    "RemainingItems" integer NOT NULL,
    "IsOnlineProduct" boolean NOT NULL,
    "IsDelivered" boolean NOT NULL,
    "DeliveryDate" timestamp with time zone NOT NULL
);


ALTER TABLE public."Pallets" OWNER TO sa;

--
-- Name: Pallets_PalletId_seq; Type: SEQUENCE; Schema: public; Owner: sa
--

ALTER TABLE public."Pallets" ALTER COLUMN "PalletId" ADD GENERATED BY DEFAULT AS IDENTITY (
    SEQUENCE NAME public."Pallets_PalletId_seq"
    START WITH 1
    INCREMENT BY 1
    NO MINVALUE
    NO MAXVALUE
    CACHE 1
);


--
-- Name: Product; Type: TABLE; Schema: public; Owner: sa
--

CREATE TABLE public."Product" (
    "ProductId" integer NOT NULL,
    "Name" text,
    "Title" text,
    "Description" text,
    "Image" text,
    "ThumbnailImage" text
);


ALTER TABLE public."Product" OWNER TO sa;

--
-- Name: Product_ProductId_seq; Type: SEQUENCE; Schema: public; Owner: sa
--

ALTER TABLE public."Product" ALTER COLUMN "ProductId" ADD GENERATED BY DEFAULT AS IDENTITY (
    SEQUENCE NAME public."Product_ProductId_seq"
    START WITH 1
    INCREMENT BY 1
    NO MINVALUE
    NO MAXVALUE
    CACHE 1
);


--
-- Name: Proforma; Type: TABLE; Schema: public; Owner: sa
--

CREATE TABLE public."Proforma" (
    "ProformaId" integer NOT NULL,
    "ProformaDate" timestamp with time zone NOT NULL,
    "ProformaDueDate" timestamp with time zone NOT NULL,
    "CustomerId" integer,
    "TotalUsd" double precision NOT NULL,
    "Tax" double precision NOT NULL,
    "Kdv" double precision NOT NULL,
    "ExchangeRate" double precision NOT NULL,
    "Discount" double precision NOT NULL,
    "Paid" double precision NOT NULL,
    "Currency" text,
    "Comment" text
);


ALTER TABLE public."Proforma" OWNER TO sa;

--
-- Name: ProformaDocumentFile; Type: TABLE; Schema: public; Owner: sa
--

CREATE TABLE public."ProformaDocumentFile" (
    "DocumentFileId" integer NOT NULL,
    "ProformaId" integer NOT NULL
);


ALTER TABLE public."ProformaDocumentFile" OWNER TO sa;

--
-- Name: ProformaItem; Type: TABLE; Schema: public; Owner: sa
--

CREATE TABLE public."ProformaItem" (
    "ProformaItemId" integer NOT NULL,
    "Description" text
);


ALTER TABLE public."ProformaItem" OWNER TO sa;

--
-- Name: ProformaItem_ProformaItemId_seq; Type: SEQUENCE; Schema: public; Owner: sa
--

ALTER TABLE public."ProformaItem" ALTER COLUMN "ProformaItemId" ADD GENERATED BY DEFAULT AS IDENTITY (
    SEQUENCE NAME public."ProformaItem_ProformaItemId_seq"
    START WITH 1
    INCREMENT BY 1
    NO MINVALUE
    NO MAXVALUE
    CACHE 1
);


--
-- Name: ProformaProformaItem; Type: TABLE; Schema: public; Owner: sa
--

CREATE TABLE public."ProformaProformaItem" (
    "ProformaId" integer NOT NULL,
    "ProformaItemId" integer NOT NULL,
    "Price" double precision NOT NULL,
    "Weight" double precision NOT NULL
);


ALTER TABLE public."ProformaProformaItem" OWNER TO sa;

--
-- Name: Proforma_ProformaId_seq; Type: SEQUENCE; Schema: public; Owner: sa
--

ALTER TABLE public."Proforma" ALTER COLUMN "ProformaId" ADD GENERATED BY DEFAULT AS IDENTITY (
    SEQUENCE NAME public."Proforma_ProformaId_seq"
    START WITH 1
    INCREMENT BY 1
    NO MINVALUE
    NO MAXVALUE
    CACHE 1
);


--
-- Name: RequestStatus; Type: TABLE; Schema: public; Owner: sa
--

CREATE TABLE public."RequestStatus" (
    "Id" text NOT NULL,
    "Status" text
);


ALTER TABLE public."RequestStatus" OWNER TO sa;

--
-- Name: Setting; Type: TABLE; Schema: public; Owner: sa
--

CREATE TABLE public."Setting" (
    "Id" integer NOT NULL,
    "Key" text,
    "Value" text
);


ALTER TABLE public."Setting" OWNER TO sa;

--
-- Name: Setting_Id_seq; Type: SEQUENCE; Schema: public; Owner: sa
--

ALTER TABLE public."Setting" ALTER COLUMN "Id" ADD GENERATED BY DEFAULT AS IDENTITY (
    SEQUENCE NAME public."Setting_Id_seq"
    START WITH 1
    INCREMENT BY 1
    NO MINVALUE
    NO MAXVALUE
    CACHE 1
);


--
-- Name: UserProfile; Type: TABLE; Schema: public; Owner: sa
--

CREATE TABLE public."UserProfile" (
    "UserProfileId" integer NOT NULL,
    "FirstName" text,
    "LastName" text,
    "Email" text,
    "Password" text,
    "ConfirmPassword" text,
    "OldPassword" text,
    "ProfilePicture" text,
    "ApplicationUserId" text
);


ALTER TABLE public."UserProfile" OWNER TO sa;

--
-- Name: UserProfile_UserProfileId_seq; Type: SEQUENCE; Schema: public; Owner: sa
--

ALTER TABLE public."UserProfile" ALTER COLUMN "UserProfileId" ADD GENERATED BY DEFAULT AS IDENTITY (
    SEQUENCE NAME public."UserProfile_UserProfileId_seq"
    START WITH 1
    INCREMENT BY 1
    NO MINVALUE
    NO MAXVALUE
    CACHE 1
);


--
-- Name: Vendor; Type: TABLE; Schema: public; Owner: sa
--

CREATE TABLE public."Vendor" (
    "VendorId" integer NOT NULL,
    "VendorName" text NOT NULL,
    "Address" text,
    "City" text,
    "ZipCode" text,
    "Phone" text,
    "MobilePhone" text,
    "Email" text,
    "Website" text,
    "Vergi" text,
    "﻿20" integer,
    "NULL" character varying(77),
    istanbul character varying(20),
    "kazemnaseri41@gmail.com" character varying(24),
    "+90 539 585 47 46" character varying(4),
    "Kazem Naseri" character varying(50)
);


ALTER TABLE public."Vendor" OWNER TO sa;

--
-- Name: VendorDataView; Type: TABLE; Schema: public; Owner: sa
--

CREATE TABLE public."VendorDataView" (
    "VendorId" integer NOT NULL,
    "Data" text
);


ALTER TABLE public."VendorDataView" OWNER TO sa;

--
-- Name: Vendor_VendorId_seq; Type: SEQUENCE; Schema: public; Owner: sa
--

ALTER TABLE public."Vendor" ALTER COLUMN "VendorId" ADD GENERATED BY DEFAULT AS IDENTITY (
    SEQUENCE NAME public."Vendor_VendorId_seq"
    START WITH 1
    INCREMENT BY 1
    NO MINVALUE
    NO MAXVALUE
    CACHE 1
);


--
-- Name: __EFMigrationsHistory; Type: TABLE; Schema: public; Owner: sa
--

CREATE TABLE public."__EFMigrationsHistory" (
    "MigrationId" character varying(150) NOT NULL,
    "ProductVersion" character varying(32) NOT NULL
);


ALTER TABLE public."__EFMigrationsHistory" OWNER TO sa;

--
-- Data for Name: Agent; Type: TABLE DATA; Schema: public; Owner: sa
--

COPY public."Agent" ("AgentId", "Name", "Address", "City", "ZipCode", "Phone", "MobilePhone", "Email", "Website", "Vergi") FROM stdin;
\.


--
-- Data for Name: AgentCustomer; Type: TABLE DATA; Schema: public; Owner: sa
--

COPY public."AgentCustomer" ("CustomerId", "AgentId", "Rate") FROM stdin;
\.


--
-- Data for Name: AlertDataView; Type: TABLE DATA; Schema: public; Owner: sa
--

COPY public."AlertDataView" ("Id", "AlertType", "Data") FROM stdin;
\.


--
-- Data for Name: AspNetRoleClaims; Type: TABLE DATA; Schema: public; Owner: sa
--

COPY public."AspNetRoleClaims" ("Id", "RoleId", "ClaimType", "ClaimValue") FROM stdin;
\.


--
-- Data for Name: AspNetRoles; Type: TABLE DATA; Schema: public; Owner: sa
--

COPY public."AspNetRoles" ("Id", "Name", "NormalizedName", "ConcurrencyStamp") FROM stdin;
05cfb384-ddef-43d5-8c81-cded43cb34da	Currency	CURRENCY	fa78a0e3-b870-45f5-8f19-7e06d360ea85
0ab2e2aa-8b48-4a6d-9a7a-0528ee22f5a5	Invoice Type	INVOICE TYPE	aabc2075-2bba-4947-860d-b45cfa83f074
144961dc-1644-4569-9499-9a48750a0eb9	Customer Type	CUSTOMER TYPE	fd2b0d24-5503-4dac-a2bb-231a7be383ab
17109d43-8a03-45b0-a9cc-680227ec9bb5	Payment Voucher	PAYMENT VOUCHER	2398a58f-fd71-478d-948b-fcde27cb66c3
19ab07d3-bb5e-4e2f-b395-84e540869add	Settings	SETTINGS	33484072-3934-44fb-b551-df4ceb249512
22f5cc05-460b-47a9-befa-9cbd94866498	Pallet	PALLET	8b469075-40e1-4d83-af39-e138dc04ad3f
2605a614-b885-4b10-b11d-ddaffe8e41c2	ChangePassword	CHANGE PASSWORD	c01cd622-8f09-4746-899e-b5bf48142abb
2aace8d2-04d5-46f5-b0e2-4ddd7dac504f	Purchase Type	PURCHASE TYPE	98d0875d-9d74-42ca-8490-2b6ffa4d9fff
2b606af4-18bd-43ee-8ff4-814b33985f7a	Vendor Type	VENDOR TYPE	b0bda18e-84f6-4033-944d-8722884bd17d
2c1d9b25-cd0a-4281-96e0-a30af8500258	Price	PRICE	c2f1b9aa-6d42-4742-8276-b0e40cac9335
339276de-7aef-4bb3-8dd7-6c8c469eb32a	Role	ROLE	a139b9a1-7e3a-4d97-82ba-ed65d318067b
45761620-4895-40c5-af1b-acf3beefb680	Cash Bank	CASH BANK	f5afb7e9-3519-4538-8be3-2cc666e5a2c8
4779cb1a-7d2a-4c86-9651-2d5af3a9285e	Invoice	INVOICE	8406c46d-4334-4c74-9cc0-9aa48742d977
48240d77-b843-4390-8dfe-2ae06b70e16e	Agent	AGENT	def51f07-eda9-47ac-b081-5934990abf50
4a354d8e-6709-4437-b095-ed757979fe8f	Bill	BILL	836b7539-cd98-4e33-a32e-8bb6896d5125
4adcc317-8686-442c-89ec-5620d7975b03	Product Type	PRODUCT TYPE	3ab89822-5911-4eaa-be46-9857c012b7d0
4d061a66-cb16-4b21-bb70-ff70d1083ade	Dashboard	DASHBOARD	4ffc868d-a368-4e4e-af03-fc66afa9960c
63cfab8a-e5b3-416c-9a6b-aa666bd515ff	GoodsContainer	GOODSCONTAINER	ede726e0-3a5b-4f0f-862c-fbd47b3f9a53
66287aec-9cb3-4a78-abbb-2638b699ee90	Payment Receive	PAYMENT RECEIVE	00b0259b-cef5-4cc2-a7f6-3c6fd7b415ac
6be546bb-1f1f-45b6-9c9b-69d3741f48eb	BulkUpload	BULKUPLOAD	d93a465e-54ac-46d2-a58d-f8ab79a858d1
6dfea24a-5657-4ca1-b793-8505e79efacd	Change Role	CHANGE ROLE	43cef762-0918-4875-8c23-ee568c98a9b9
6e383e6c-8194-4ce4-a356-eebc13b7af81	Products	PRODUCTS	3e070a31-064c-444d-8f53-13bf7388f61b
6ee18251-dc98-4e5c-8fd3-1d04f107d818	Sales Type	SALES TYPE	89fc6a49-39f4-44b2-8077-c1b073c6511a
74927384-6697-4110-aff4-21e57e4903c9	Bill Type	BILL TYPE	0ae84dde-2da1-4c5d-b400-fcabc3ab928e
7ab565d5-b1ca-4d94-9bd5-ab85788d4a8e	Box	BOX	836a1e01-de65-4ff6-9433-3f434a1f0f8e
7b59c843-6618-4f14-a0bc-7d42b0922da7	Warehouse	WAREHOUSE	cf3c6f47-2262-44d4-ad8e-f14007c880a5
855a37ce-eec3-4d46-a69b-1ff5c84c087d	Customer	CUSTOMER	1ff5b113-d636-4eff-8bfe-a9970a0101fa
8be8cfc6-9e26-48d6-9688-5f817aa599b6	Shipment	SHIPMENT	6cb63864-29ac-4617-b12e-82050a727f99
91a3dd60-d219-4d01-b426-c0fb135f48ff	Samples	SAMPLES	d5fbe3ff-e98e-47de-b040-f9fa0c63384c
93a1f4ad-899b-484e-bd0b-112f9b8b5b1c	Product	PRODUCT	bb65b0f5-e3b4-455f-a46e-a3212b55c41c
9acce21c-5560-493f-b8d0-e68f2c73d4d2	Unit Of Measure	UNIT OF MEASURE	2bfcd350-9f79-4a3b-b54e-d9d6ed4d289d
9c44d1ab-197f-40b3-89fa-6b1ba9ddf818	Proforma	PROFORMA	2666ee20-7526-4288-af6e-1bd781e155ad
a723170e-a7f0-40ef-99a7-93d3c47dc5a8	BillBankValidity	BILLBANKVALIDITY	8eeffa07-bcbe-4c50-94c6-5f56d50cf73c
b4d8f314-8ba3-4e11-a374-fed1c87f0cd6	Shipment Type	SHIPMENT TYPE	5b628373-f957-4e1f-b7f1-ce9714930592
b4f14551-70dc-4d82-bcdd-4d907897ed2e	Leave	LEAVE	72172a41-5731-40ea-ba3a-f00f45c951f7
cbc3ea32-3397-4c65-b251-432f9bf759ef	Branch	BRANCH	066817fb-fe5f-41b5-8886-df9cacd438e9
d1a42565-0bd5-47a1-a658-f58f8a78e32d	Sales Order	SALES ORDER	d06f8598-1540-4063-84cc-2e8392d6e84c
d20b2ce0-963e-4c5f-b7f7-5868f83fc0c7	Payment Type	PAYMENT TYPE	fe6bb07d-3cb8-4662-b40b-565b9e468fc3
d9e0eac0-3e83-4530-b4f2-e338db35eee4	User	USER	dfe9fa6a-83c9-4772-8fb5-eebe0be99776
e0e3ed78-3aa5-4bca-af57-08b3256f8575	Vendor	VENDOR	5960a05a-3842-4238-a841-f6dd264f40b6
f4a6d2a7-8036-433f-a545-3eb27a44d999	Goods Received Note	GOODS RECEIVED NOTE	19213b5b-22ef-4823-ac20-79242691d3db
f6402b4e-31eb-4ecc-abb2-9b641008f1e8	UserRole	USERROLE	24ff36dc-9622-4ddb-aab8-787fb2d0b845
\.


--
-- Data for Name: AspNetUserClaims; Type: TABLE DATA; Schema: public; Owner: sa
--

COPY public."AspNetUserClaims" ("Id", "UserId", "ClaimType", "ClaimValue") FROM stdin;
\.


--
-- Data for Name: AspNetUserLogins; Type: TABLE DATA; Schema: public; Owner: sa
--

COPY public."AspNetUserLogins" ("LoginProvider", "ProviderKey", "ProviderDisplayName", "UserId") FROM stdin;
\.


--
-- Data for Name: AspNetUserRoles; Type: TABLE DATA; Schema: public; Owner: sa
--

COPY public."AspNetUserRoles" ("UserId", "RoleId") FROM stdin;
0efc1b0d-fd43-4189-91f3-4a552ebd4dcb	17109d43-8a03-45b0-a9cc-680227ec9bb5
0efc1b0d-fd43-4189-91f3-4a552ebd4dcb	19ab07d3-bb5e-4e2f-b395-84e540869add
0efc1b0d-fd43-4189-91f3-4a552ebd4dcb	22f5cc05-460b-47a9-befa-9cbd94866498
0efc1b0d-fd43-4189-91f3-4a552ebd4dcb	45761620-4895-40c5-af1b-acf3beefb680
0efc1b0d-fd43-4189-91f3-4a552ebd4dcb	4779cb1a-7d2a-4c86-9651-2d5af3a9285e
0efc1b0d-fd43-4189-91f3-4a552ebd4dcb	48240d77-b843-4390-8dfe-2ae06b70e16e
0efc1b0d-fd43-4189-91f3-4a552ebd4dcb	4a354d8e-6709-4437-b095-ed757979fe8f
0efc1b0d-fd43-4189-91f3-4a552ebd4dcb	4d061a66-cb16-4b21-bb70-ff70d1083ade
0efc1b0d-fd43-4189-91f3-4a552ebd4dcb	63cfab8a-e5b3-416c-9a6b-aa666bd515ff
0efc1b0d-fd43-4189-91f3-4a552ebd4dcb	66287aec-9cb3-4a78-abbb-2638b699ee90
0efc1b0d-fd43-4189-91f3-4a552ebd4dcb	6be546bb-1f1f-45b6-9c9b-69d3741f48eb
0efc1b0d-fd43-4189-91f3-4a552ebd4dcb	6dfea24a-5657-4ca1-b793-8505e79efacd
0efc1b0d-fd43-4189-91f3-4a552ebd4dcb	6e383e6c-8194-4ce4-a356-eebc13b7af81
0efc1b0d-fd43-4189-91f3-4a552ebd4dcb	7ab565d5-b1ca-4d94-9bd5-ab85788d4a8e
0efc1b0d-fd43-4189-91f3-4a552ebd4dcb	7b59c843-6618-4f14-a0bc-7d42b0922da7
0efc1b0d-fd43-4189-91f3-4a552ebd4dcb	855a37ce-eec3-4d46-a69b-1ff5c84c087d
0efc1b0d-fd43-4189-91f3-4a552ebd4dcb	8be8cfc6-9e26-48d6-9688-5f817aa599b6
0efc1b0d-fd43-4189-91f3-4a552ebd4dcb	91a3dd60-d219-4d01-b426-c0fb135f48ff
0efc1b0d-fd43-4189-91f3-4a552ebd4dcb	93a1f4ad-899b-484e-bd0b-112f9b8b5b1c
0efc1b0d-fd43-4189-91f3-4a552ebd4dcb	9c44d1ab-197f-40b3-89fa-6b1ba9ddf818
0efc1b0d-fd43-4189-91f3-4a552ebd4dcb	a723170e-a7f0-40ef-99a7-93d3c47dc5a8
0efc1b0d-fd43-4189-91f3-4a552ebd4dcb	b4d8f314-8ba3-4e11-a374-fed1c87f0cd6
0efc1b0d-fd43-4189-91f3-4a552ebd4dcb	b4f14551-70dc-4d82-bcdd-4d907897ed2e
0efc1b0d-fd43-4189-91f3-4a552ebd4dcb	cbc3ea32-3397-4c65-b251-432f9bf759ef
0efc1b0d-fd43-4189-91f3-4a552ebd4dcb	d1a42565-0bd5-47a1-a658-f58f8a78e32d
0efc1b0d-fd43-4189-91f3-4a552ebd4dcb	d9e0eac0-3e83-4530-b4f2-e338db35eee4
0efc1b0d-fd43-4189-91f3-4a552ebd4dcb	e0e3ed78-3aa5-4bca-af57-08b3256f8575
7a4c6714-2e65-45cd-afbc-6c24ddea8b24	19ab07d3-bb5e-4e2f-b395-84e540869add
7a4c6714-2e65-45cd-afbc-6c24ddea8b24	22f5cc05-460b-47a9-befa-9cbd94866498
7a4c6714-2e65-45cd-afbc-6c24ddea8b24	2605a614-b885-4b10-b11d-ddaffe8e41c2
7a4c6714-2e65-45cd-afbc-6c24ddea8b24	2c1d9b25-cd0a-4281-96e0-a30af8500258
7a4c6714-2e65-45cd-afbc-6c24ddea8b24	339276de-7aef-4bb3-8dd7-6c8c469eb32a
7a4c6714-2e65-45cd-afbc-6c24ddea8b24	4779cb1a-7d2a-4c86-9651-2d5af3a9285e
7a4c6714-2e65-45cd-afbc-6c24ddea8b24	48240d77-b843-4390-8dfe-2ae06b70e16e
7a4c6714-2e65-45cd-afbc-6c24ddea8b24	4a354d8e-6709-4437-b095-ed757979fe8f
7a4c6714-2e65-45cd-afbc-6c24ddea8b24	4d061a66-cb16-4b21-bb70-ff70d1083ade
7a4c6714-2e65-45cd-afbc-6c24ddea8b24	63cfab8a-e5b3-416c-9a6b-aa666bd515ff
7a4c6714-2e65-45cd-afbc-6c24ddea8b24	6be546bb-1f1f-45b6-9c9b-69d3741f48eb
7a4c6714-2e65-45cd-afbc-6c24ddea8b24	6dfea24a-5657-4ca1-b793-8505e79efacd
7a4c6714-2e65-45cd-afbc-6c24ddea8b24	6e383e6c-8194-4ce4-a356-eebc13b7af81
7a4c6714-2e65-45cd-afbc-6c24ddea8b24	7ab565d5-b1ca-4d94-9bd5-ab85788d4a8e
7a4c6714-2e65-45cd-afbc-6c24ddea8b24	855a37ce-eec3-4d46-a69b-1ff5c84c087d
7a4c6714-2e65-45cd-afbc-6c24ddea8b24	91a3dd60-d219-4d01-b426-c0fb135f48ff
7a4c6714-2e65-45cd-afbc-6c24ddea8b24	93a1f4ad-899b-484e-bd0b-112f9b8b5b1c
7a4c6714-2e65-45cd-afbc-6c24ddea8b24	9c44d1ab-197f-40b3-89fa-6b1ba9ddf818
7a4c6714-2e65-45cd-afbc-6c24ddea8b24	a723170e-a7f0-40ef-99a7-93d3c47dc5a8
7a4c6714-2e65-45cd-afbc-6c24ddea8b24	b4f14551-70dc-4d82-bcdd-4d907897ed2e
7a4c6714-2e65-45cd-afbc-6c24ddea8b24	d9e0eac0-3e83-4530-b4f2-e338db35eee4
7a4c6714-2e65-45cd-afbc-6c24ddea8b24	e0e3ed78-3aa5-4bca-af57-08b3256f8575
\.


--
-- Data for Name: AspNetUserTokens; Type: TABLE DATA; Schema: public; Owner: sa
--

COPY public."AspNetUserTokens" ("UserId", "LoginProvider", "Name", "Value") FROM stdin;
\.


--
-- Data for Name: AspNetUsers; Type: TABLE DATA; Schema: public; Owner: sa
--

COPY public."AspNetUsers" ("Id", "UserName", "NormalizedUserName", "Email", "NormalizedEmail", "EmailConfirmed", "PasswordHash", "SecurityStamp", "ConcurrencyStamp", "PhoneNumber", "PhoneNumberConfirmed", "TwoFactorEnabled", "LockoutEnd", "LockoutEnabled", "AccessFailedCount") FROM stdin;
7a4c6714-2e65-45cd-afbc-6c24ddea8b24	kianoush.karbasi@newkitrade.com	KIANOUSH.KARBASI@NEWKITRADE.COM	kianoush.karbasi@newkitrade.com	KIANOUSH.KARBASI@NEWKITRADE.COM	t	AQAAAAEAACcQAAAAEJBgx4RYYNAGWAgWT1Ifhpa4xckJ8MmYB+IrJwz6h2ryY6Tw5A0M3LRhwQXkfpAJRg==	7da3e420-0b8f-43df-ab76-e6123cdf451e	4b18135a-b949-400e-a3c9-9a01323504db	\N	f	f	\N	f	0
0efc1b0d-fd43-4189-91f3-4a552ebd4dcb	info@newkitrade.com	INFO@NEWKITRADE.COM	info@newkitrade.com	INFO@NEWKITRADE.COM	t	AQAAAAEAACcQAAAAEE1u6Dgpzb4dDyB7beWZik8k8Do/LQE8iIG9tibS/+YIi1P1swGnrbNYFOXR83PHuQ==	DFEHWROLBP77JDLKG6WACFG4BTOGSJJK	3e107b6f-73be-4a68-a3e9-f1c1c4240822	\N	f	f	\N	f	0
\.


--
-- Data for Name: Bill; Type: TABLE DATA; Schema: public; Owner: sa
--

COPY public."Bill" ("BillId", "BillName", "VendorInvoiceNumber", "BillDate", "BillDueDate", "Amount", "UsdAmount", "EuroAmount", "Paid", "KDV", "VendorId", "ExchangeRate", "Comment") FROM stdin;
1128	Pencil	\N	0001-01-01 00:00:00+00	2021-04-18 10:20:41.194+00	10	10	0	10	0	156	8.0719	\N
\.


--
-- Data for Name: BillBankDataView; Type: TABLE DATA; Schema: public; Owner: sa
--

COPY public."BillBankDataView" ("BillId", "Data") FROM stdin;
\.


--
-- Data for Name: BillDataView; Type: TABLE DATA; Schema: public; Owner: sa
--

COPY public."BillDataView" ("BillId", "Data") FROM stdin;
1128	{"BillId":1128,"BillName":"Pencil","VendorInvoiceNumber":null,"BillDate":"0001-01-01T00:00:00+00:00","BillDueDate":"2021-04-18T10:20:41.194+00:00","Amount":10,"UsdAmount":10,"EuroAmount":0,"Paid":10,"KDV":0,"Vendor":{"VendorId":156,"VendorName":"Office work","Address":null,"City":null,"ZipCode":null,"Phone":null,"MobilePhone":null,"Email":null,"Website":null,"Vergi":null},"ExchangeRate":8.0719,"Comment":null,"Files":[]}
\.


--
-- Data for Name: BillDocumentFile; Type: TABLE DATA; Schema: public; Owner: sa
--

COPY public."BillDocumentFile" ("DocumentFileId", "BillId") FROM stdin;
\.


--
-- Data for Name: Box; Type: TABLE DATA; Schema: public; Owner: sa
--

COPY public."Box" ("BoxId", "PalletId", "Barcode", "YarnType", "Denier", "Filament", "Intermingle", "Color", "ColorCode", "BobbinSize", "Weight", "Price", "RemainWeight", "Sold", "Note", "IsDelivered", "DeliveryDate") FROM stdin;
\.


--
-- Data for Name: BoxDataView; Type: TABLE DATA; Schema: public; Owner: sa
--

COPY public."BoxDataView" ("BoxId", "Data") FROM stdin;
\.


--
-- Data for Name: BoxFilter; Type: TABLE DATA; Schema: public; Owner: sa
--

COPY public."BoxFilter" ("BoxFilterId", "ColumnName", "Keywords") FROM stdin;
52	YarnType	[]
53	Sold	["true","false"]
\.


--
-- Data for Name: ContainerPlan; Type: TABLE DATA; Schema: public; Owner: sa
--

COPY public."ContainerPlan" ("ContainerPlanId", "Name", "EstimateArrivalDate", "Note") FROM stdin;
\.


--
-- Data for Name: ContainerPlanDocumentFile; Type: TABLE DATA; Schema: public; Owner: sa
--

COPY public."ContainerPlanDocumentFile" ("DocumentFileId", "ContainerPlanId") FROM stdin;
\.


--
-- Data for Name: ContainerPlanPalletPlan; Type: TABLE DATA; Schema: public; Owner: sa
--

COPY public."ContainerPlanPalletPlan" ("PalletPlanId", "ContainerPlanId", "Customer") FROM stdin;
\.


--
-- Data for Name: Currency; Type: TABLE DATA; Schema: public; Owner: sa
--

COPY public."Currency" ("CurrencyId", "CurrencyName", "CurrencyCode", "Description") FROM stdin;
\.


--
-- Data for Name: Customer; Type: TABLE DATA; Schema: public; Owner: sa
--

COPY public."Customer" ("CustomerId", "CustomerName", "Address", "City", "ZipCode", "Phone", "MobilePhone", "Email", "Gmail", "Website", "Vergi", "Rate") FROM stdin;
154	NewKi	\N	Melbourne	\N	\N	+61410005731	info@newkitrade.com	\N	\N	\N	0
155	kianoushkarbasi	\N	\N	\N	0410005731	\N	something@yahoo.com	\N	\N	\N	0
\.


--
-- Data for Name: CustomerDataView; Type: TABLE DATA; Schema: public; Owner: sa
--

COPY public."CustomerDataView" ("CustomerId", "Data") FROM stdin;
154	{"CustomerId":154,"CustomerName":"NewKi","Address":null,"City":"Melbourne","ZipCode":null,"Phone":null,"MobilePhone":"\\u002B61410005731","Email":"info@newkitrade.com","Gmail":null,"Website":null,"Vergi":null,"Rate":0}
\.


--
-- Data for Name: DatabaseLogs; Type: TABLE DATA; Schema: public; Owner: sa
--

COPY public."DatabaseLogs" ("DatabaseLogId", "EntryDate", "Description") FROM stdin;
2782	2021-04-18 10:05:11.37145+00	user:info@newkitrade.com,INSERT,"{\\u0022PalletId\\u0022:0,\\u0022PalletNumber\\u0022:\\u00221\\u0022,\\u0022Barcode\\u0022:\\u0022123456\\u0022,\\u0022YarnType\\u0022:\\u0022DTY\\u0022,\\u0022Denier\\u0022:150,\\u0022Filament\\u0022:48,\\u0022Lustre\\u0022:\\u0022SD\\u0022,\\u0022Intermingle\\u0022:\\u0022NIM\\u0022,\\u0022Color\\u0022:\\u0022Black\\u0022,\\u0022ColorCode\\u0022:\\u002250531\\u0022,\\u0022BobbinSize\\u0022:\\u0022NML\\u0022,\\u0022PalletName\\u0022:null,\\u0022Weight\\u0022:700,\\u0022Price\\u0022:1.5,\\u0022RemainWeight\\u0022:700,\\u0022Sold\\u0022:false,\\u0022Note\\u0022:null,\\u0022Lot\\u0022:\\u0022123\\u0022,\\u0022Warehouse\\u0022:\\u0022Asbir\\u0022,\\u0022Details\\u0022:null,\\u0022Title\\u0022:null,\\u0022Image\\u0022:null,\\u0022ThumbnailImage\\u0022:null,\\u0022NumberOfItems\\u0022:0,\\u0022RemainingItems\\u0022:0,\\u0022IsOnlineProduct\\u0022:false,\\u0022IsDelivered\\u0022:false,\\u0022DeliveryDate\\u0022:\\u00220001-01-01T00:00:00\\u002B00:00\\u0022}"
2783	2021-04-18 10:05:57.478508+00	user:info@newkitrade.com,INSERT,"{\\u0022InvoiceId\\u0022:0,\\u0022InvoiceDate\\u0022:\\u00222021-04-18T10:05:29.58\\u002B00:00\\u0022,\\u0022InvoiceDueDate\\u0022:\\u00220001-01-01T00:00:00\\u002B00:00\\u0022,\\u0022Customer\\u0022:{\\u0022CustomerId\\u0022:154,\\u0022CustomerName\\u0022:\\u0022NewKi\\u0022,\\u0022Address\\u0022:null,\\u0022City\\u0022:\\u0022Melbourne\\u0022,\\u0022ZipCode\\u0022:null,\\u0022Phone\\u0022:null,\\u0022MobilePhone\\u0022:\\u0022\\\\u002B61410005731\\u0022,\\u0022Email\\u0022:\\u0022info@newkitrade.com\\u0022,\\u0022Gmail\\u0022:null,\\u0022Website\\u0022:null,\\u0022Vergi\\u0022:null,\\u0022Rate\\u0022:0},\\u0022TotalUsd\\u0022:1134,\\u0022Tax\\u0022:84,\\u0022Kdv\\u0022:8,\\u0022ExchangeRate\\u0022:8.0719,\\u0022StateInvoiceNumber\\u0022:0,\\u0022Discount\\u0022:0,\\u0022Paid\\u0022:1400,\\u0022Currency\\u0022:\\u0022Usd\\u0022,\\u0022InvoicePallets\\u0022:[{\\u0022Pallet\\u0022:{\\u0022PalletId\\u0022:1333,\\u0022PalletNumber\\u0022:\\u00221\\u0022,\\u0022Barcode\\u0022:\\u0022123456\\u0022,\\u0022YarnType\\u0022:\\u0022DTY\\u0022,\\u0022Denier\\u0022:150,\\u0022Filament\\u0022:48,\\u0022Lustre\\u0022:\\u0022SD\\u0022,\\u0022Intermingle\\u0022:\\u0022NIM\\u0022,\\u0022Color\\u0022:\\u0022Black\\u0022,\\u0022ColorCode\\u0022:\\u002250531\\u0022,\\u0022BobbinSize\\u0022:\\u0022NML\\u0022,\\u0022PalletName\\u0022:null,\\u0022Weight\\u0022:700,\\u0022Price\\u0022:1.5,\\u0022RemainWeight\\u0022:700,\\u0022Sold\\u0022:false,\\u0022Note\\u0022:null,\\u0022Lot\\u0022:\\u0022123\\u0022,\\u0022Warehouse\\u0022:\\u0022Asbir\\u0022,\\u0022Details\\u0022:null,\\u0022Title\\u0022:null,\\u0022Image\\u0022:null,\\u0022ThumbnailImage\\u0022:null,\\u0022NumberOfItems\\u0022:0,\\u0022RemainingItems\\u0022:0,\\u0022IsOnlineProduct\\u0022:false,\\u0022IsDelivered\\u0022:true,\\u0022DeliveryDate\\u0022:\\u00222021-04-18T10:05:35.599\\u002B00:00\\u0022},\\u0022InvoiceId\\u0022:0,\\u0022PalletId\\u0022:1333,\\u0022Weight\\u0022:700}],\\u0022InvoiceBoxes\\u0022:[],\\u0022Files\\u0022:[],\\u0022Payments\\u0022:[{\\u0022InvoicePaymentId\\u0022:0,\\u0022InvoiceId\\u0022:0,\\u0022Amount\\u0022:1400,\\u0022ExchangeRate\\u0022:1,\\u0022PaymentDate\\u0022:\\u00222021-04-18T10:05:29.578\\u002B00:00\\u0022}],\\u0022OrderId\\u0022:0,\\u0022Comment\\u0022:null,\\u0022DriverName\\u0022:null,\\u0022DriverRegistrationNumber\\u0022:null,\\u0022HasOfficialInvoice\\u0022:false}"
2784	2021-04-18 10:17:37.197856+00	user:info@newkitrade.com,INSERT,"{\\u0022InvoiceId\\u0022:0,\\u0022InvoiceDate\\u0022:\\u00222021-04-18T10:17:24.377\\u002B00:00\\u0022,\\u0022InvoiceDueDate\\u0022:\\u00220001-01-01T00:00:00\\u002B00:00\\u0022,\\u0022Customer\\u0022:{\\u0022CustomerId\\u0022:154,\\u0022CustomerName\\u0022:\\u0022NewKi\\u0022,\\u0022Address\\u0022:null,\\u0022City\\u0022:\\u0022Melbourne\\u0022,\\u0022ZipCode\\u0022:null,\\u0022Phone\\u0022:null,\\u0022MobilePhone\\u0022:\\u0022\\\\u002B61410005731\\u0022,\\u0022Email\\u0022:\\u0022info@newkitrade.com\\u0022,\\u0022Gmail\\u0022:null,\\u0022Website\\u0022:null,\\u0022Vergi\\u0022:null,\\u0022Rate\\u0022:0},\\u0022TotalUsd\\u0022:1134,\\u0022Tax\\u0022:84,\\u0022Kdv\\u0022:8,\\u0022ExchangeRate\\u0022:5.7,\\u0022StateInvoiceNumber\\u0022:0,\\u0022Discount\\u0022:0,\\u0022Paid\\u0022:0,\\u0022Currency\\u0022:\\u0022Usd\\u0022,\\u0022InvoicePallets\\u0022:[{\\u0022Pallet\\u0022:{\\u0022PalletId\\u0022:1333,\\u0022PalletNumber\\u0022:\\u00221\\u0022,\\u0022Barcode\\u0022:\\u0022123456\\u0022,\\u0022YarnType\\u0022:\\u0022DTY\\u0022,\\u0022Denier\\u0022:150,\\u0022Filament\\u0022:48,\\u0022Lustre\\u0022:\\u0022SD\\u0022,\\u0022Intermingle\\u0022:\\u0022NIM\\u0022,\\u0022Color\\u0022:\\u0022Black\\u0022,\\u0022ColorCode\\u0022:\\u002250531\\u0022,\\u0022BobbinSize\\u0022:\\u0022NML\\u0022,\\u0022PalletName\\u0022:null,\\u0022Weight\\u0022:700,\\u0022Price\\u0022:1.5,\\u0022RemainWeight\\u0022:700,\\u0022Sold\\u0022:false,\\u0022Note\\u0022:null,\\u0022Lot\\u0022:\\u0022123\\u0022,\\u0022Warehouse\\u0022:\\u0022Asbir\\u0022,\\u0022Details\\u0022:null,\\u0022Title\\u0022:null,\\u0022Image\\u0022:null,\\u0022ThumbnailImage\\u0022:null,\\u0022NumberOfItems\\u0022:0,\\u0022RemainingItems\\u0022:0,\\u0022IsOnlineProduct\\u0022:false,\\u0022IsDelivered\\u0022:true,\\u0022DeliveryDate\\u0022:\\u00222021-04-18T10:17:29.172\\u002B00:00\\u0022},\\u0022InvoiceId\\u0022:0,\\u0022PalletId\\u0022:1333,\\u0022Weight\\u0022:700}],\\u0022InvoiceBoxes\\u0022:[],\\u0022Files\\u0022:[],\\u0022Payments\\u0022:null,\\u0022OrderId\\u0022:0,\\u0022Comment\\u0022:null,\\u0022DriverName\\u0022:null,\\u0022DriverRegistrationNumber\\u0022:null,\\u0022HasOfficialInvoice\\u0022:false}"
2785	2021-04-18 10:18:12.091511+00	user:info@newkitrade.com,UPDATE,"{\\u0022InvoiceId\\u0022:620,\\u0022InvoiceDate\\u0022:\\u00222021-04-18T10:17:24.377\\u002B00:00\\u0022,\\u0022InvoiceDueDate\\u0022:\\u00220001-01-01T00:00:00\\u002B00:00\\u0022,\\u0022Customer\\u0022:{\\u0022CustomerId\\u0022:154,\\u0022CustomerName\\u0022:\\u0022NewKi\\u0022,\\u0022Address\\u0022:null,\\u0022City\\u0022:\\u0022Melbourne\\u0022,\\u0022ZipCode\\u0022:null,\\u0022Phone\\u0022:null,\\u0022MobilePhone\\u0022:\\u0022\\\\u002B61410005731\\u0022,\\u0022Email\\u0022:\\u0022info@newkitrade.com\\u0022,\\u0022Gmail\\u0022:null,\\u0022Website\\u0022:null,\\u0022Vergi\\u0022:null,\\u0022Rate\\u0022:0},\\u0022TotalUsd\\u0022:1134,\\u0022Tax\\u0022:84,\\u0022Kdv\\u0022:8,\\u0022ExchangeRate\\u0022:5.7,\\u0022StateInvoiceNumber\\u0022:0,\\u0022Discount\\u0022:0,\\u0022Paid\\u0022:1400,\\u0022Currency\\u0022:\\u0022Usd\\u0022,\\u0022InvoicePallets\\u0022:[{\\u0022Pallet\\u0022:{\\u0022PalletId\\u0022:1333,\\u0022PalletNumber\\u0022:\\u00221\\u0022,\\u0022Barcode\\u0022:\\u0022123456\\u0022,\\u0022YarnType\\u0022:\\u0022DTY\\u0022,\\u0022Denier\\u0022:150,\\u0022Filament\\u0022:48,\\u0022Lustre\\u0022:\\u0022SD\\u0022,\\u0022Intermingle\\u0022:\\u0022NIM\\u0022,\\u0022Color\\u0022:\\u0022Black\\u0022,\\u0022ColorCode\\u0022:\\u002250531\\u0022,\\u0022BobbinSize\\u0022:\\u0022NML\\u0022,\\u0022PalletName\\u0022:null,\\u0022Weight\\u0022:700,\\u0022Price\\u0022:1.5,\\u0022RemainWeight\\u0022:-700,\\u0022Sold\\u0022:true,\\u0022Note\\u0022:null,\\u0022Lot\\u0022:\\u0022123\\u0022,\\u0022Warehouse\\u0022:\\u0022Asbir\\u0022,\\u0022Details\\u0022:null,\\u0022Title\\u0022:null,\\u0022Image\\u0022:null,\\u0022ThumbnailImage\\u0022:null,\\u0022NumberOfItems\\u0022:0,\\u0022RemainingItems\\u0022:0,\\u0022IsOnlineProduct\\u0022:false,\\u0022IsDelivered\\u0022:true,\\u0022DeliveryDate\\u0022:\\u00222021-04-18T10:17:29.172\\u002B00:00\\u0022},\\u0022InvoiceId\\u0022:620,\\u0022PalletId\\u0022:1333,\\u0022Weight\\u0022:700}],\\u0022InvoiceBoxes\\u0022:[],\\u0022Files\\u0022:[],\\u0022Payments\\u0022:[{\\u0022InvoicePaymentId\\u0022:0,\\u0022InvoiceId\\u0022:0,\\u0022Amount\\u0022:1400,\\u0022ExchangeRate\\u0022:1,\\u0022PaymentDate\\u0022:\\u00222021-04-18T10:17:42.913\\u002B00:00\\u0022}],\\u0022OrderId\\u0022:0,\\u0022Comment\\u0022:null,\\u0022DriverName\\u0022:null,\\u0022DriverRegistrationNumber\\u0022:null,\\u0022HasOfficialInvoice\\u0022:false}"
2786	2021-04-18 10:21:00.14713+00	user:info@newkitrade.com,INSERT,"{\\u0022BillId\\u0022:0,\\u0022BillName\\u0022:\\u0022Pencil\\u0022,\\u0022VendorInvoiceNumber\\u0022:null,\\u0022BillDate\\u0022:\\u00220001-01-01T00:00:00\\u002B00:00\\u0022,\\u0022BillDueDate\\u0022:\\u00222021-04-18T10:20:41.194\\u002B00:00\\u0022,\\u0022Amount\\u0022:10,\\u0022UsdAmount\\u0022:10,\\u0022EuroAmount\\u0022:0,\\u0022Paid\\u0022:10,\\u0022KDV\\u0022:0,\\u0022Vendor\\u0022:{\\u0022VendorId\\u0022:156,\\u0022VendorName\\u0022:\\u0022Office work\\u0022,\\u0022Address\\u0022:null,\\u0022City\\u0022:null,\\u0022ZipCode\\u0022:null,\\u0022Phone\\u0022:null,\\u0022MobilePhone\\u0022:null,\\u0022Email\\u0022:null,\\u0022Website\\u0022:null,\\u0022Vergi\\u0022:null},\\u0022ExchangeRate\\u0022:8.0719,\\u0022Comment\\u0022:null,\\u0022Files\\u0022:[]}"
\.


--
-- Data for Name: DocumentFile; Type: TABLE DATA; Schema: public; Owner: sa
--

COPY public."DocumentFile" ("DocumentFileId", "FileName") FROM stdin;
\.


--
-- Data for Name: GoodsContainer; Type: TABLE DATA; Schema: public; Owner: sa
--

COPY public."GoodsContainer" ("GoodsContainerId", "Name", "ImportDate", "ReleaseDate", "Note") FROM stdin;
\.


--
-- Data for Name: GoodsContainerDocumentFile; Type: TABLE DATA; Schema: public; Owner: sa
--

COPY public."GoodsContainerDocumentFile" ("DocumentFileId", "GoodsContainerId") FROM stdin;
\.


--
-- Data for Name: GoodsContainerPallet; Type: TABLE DATA; Schema: public; Owner: sa
--

COPY public."GoodsContainerPallet" ("GoodsContainerId", "PalletId") FROM stdin;
\.


--
-- Data for Name: Invoice; Type: TABLE DATA; Schema: public; Owner: sa
--

COPY public."Invoice" ("InvoiceId", "InvoiceDate", "InvoiceDueDate", "CustomerId", "TotalUsd", "Tax", "Kdv", "ExchangeRate", "StateInvoiceNumber", "Discount", "Paid", "Currency", "OrderId", "Comment", "DriverName", "DriverRegistrationNumber", "HasOfficialInvoice") FROM stdin;
619	2020-10-16 13:38:58.515372+00	0001-01-01 00:00:00+00	155	0	0	0	0	0	0	0	USD	1	\N	\N	\N	f
620	2021-04-18 10:17:24.377+00	0001-01-01 00:00:00+00	154	1134	84	8	5.7	0	0	1400	Usd	0	\N	\N	\N	f
\.


--
-- Data for Name: InvoiceBox; Type: TABLE DATA; Schema: public; Owner: sa
--

COPY public."InvoiceBox" ("BoxId", "InvoiceId", "Weight") FROM stdin;
\.


--
-- Data for Name: InvoiceDataView; Type: TABLE DATA; Schema: public; Owner: sa
--

COPY public."InvoiceDataView" ("InvoiceId", "Data") FROM stdin;
620	{"InvoiceId":620,"InvoiceDate":"2021-04-18T10:17:24.377+00:00","InvoiceDueDate":"0001-01-01T00:00:00+00:00","Customer":{"CustomerId":154,"CustomerName":"NewKi","Address":null,"City":"Melbourne","ZipCode":null,"Phone":null,"MobilePhone":"\\u002B61410005731","Email":"info@newkitrade.com","Gmail":null,"Website":null,"Vergi":null,"Rate":0},"TotalUsd":1134,"Tax":84,"Kdv":8,"ExchangeRate":5.7,"StateInvoiceNumber":0,"Discount":0,"Paid":1400,"Currency":"Usd","InvoicePallets":[{"Pallet":{"PalletId":1333,"PalletNumber":"1","Barcode":"123456","YarnType":"DTY","Denier":150,"Filament":48,"Lustre":"SD","Intermingle":"NIM","Color":"Black","ColorCode":"50531","BobbinSize":"NML","PalletName":null,"Weight":700,"Price":1.5,"RemainWeight":-700,"Sold":true,"Note":null,"Lot":"123","Warehouse":"Asbir","Details":null,"Title":null,"Image":null,"ThumbnailImage":null,"NumberOfItems":0,"RemainingItems":0,"IsOnlineProduct":false,"IsDelivered":true,"DeliveryDate":"2021-04-18T10:17:29.172+00:00"},"InvoiceId":620,"PalletId":1333,"Weight":700}],"InvoiceBoxes":[],"Files":[],"Payments":[{"InvoicePaymentId":0,"InvoiceId":0,"Amount":1400,"ExchangeRate":1,"PaymentDate":"2021-04-18T10:17:42.913+00:00"}],"OrderId":0,"Comment":null,"DriverName":null,"DriverRegistrationNumber":null,"HasOfficialInvoice":false}
\.


--
-- Data for Name: InvoiceDocumentFile; Type: TABLE DATA; Schema: public; Owner: sa
--

COPY public."InvoiceDocumentFile" ("DocumentFileId", "InvoiceId") FROM stdin;
\.


--
-- Data for Name: InvoicePallet; Type: TABLE DATA; Schema: public; Owner: sa
--

COPY public."InvoicePallet" ("InvoiceId", "PalletId", "Weight") FROM stdin;
620	1333	700
\.


--
-- Data for Name: InvoicePayment; Type: TABLE DATA; Schema: public; Owner: sa
--

COPY public."InvoicePayment" ("InvoicePaymentId", "InvoiceId", "Amount", "ExchangeRate", "PaymentDate") FROM stdin;
418	620	1400	1	2021-04-18 10:17:42.913+00
\.


--
-- Data for Name: Leave; Type: TABLE DATA; Schema: public; Owner: sa
--

COPY public."Leave" ("LeaveId", "LeaveStartDate", "LeaveEndDate", "Description", "VendorId") FROM stdin;
\.


--
-- Data for Name: Order; Type: TABLE DATA; Schema: public; Owner: sa
--

COPY public."Order" ("OrderId", "OrderDate", "CustomerId", "Comment", "Status") FROM stdin;
\.


--
-- Data for Name: OrderDocumentFile; Type: TABLE DATA; Schema: public; Owner: sa
--

COPY public."OrderDocumentFile" ("DocumentFileId", "OrderId") FROM stdin;
\.


--
-- Data for Name: Pallet; Type: TABLE DATA; Schema: public; Owner: sa
--

COPY public."Pallet" ("PalletId", "PalletNumber", "Barcode", "YarnType", "Denier", "Filament", "Lustre", "Intermingle", "Color", "ColorCode", "BobbinSize", "PalletName", "Weight", "Price", "RemainWeight", "Sold", "Note", "Lot", "Warehouse", "Details", "Title", "Image", "ThumbnailImage", "NumberOfItems", "RemainingItems", "IsOnlineProduct", "IsDelivered", "DeliveryDate") FROM stdin;
1333	1	123456	DTY	150	48	SD	NIM	Black	50531	NML	\N	700	1.5	0	t	\N	123	Asbir	\N	\N	\N	\N	0	0	f	t	2021-04-18 10:17:29.172+00
\.


--
-- Data for Name: PalletDataView; Type: TABLE DATA; Schema: public; Owner: sa
--

COPY public."PalletDataView" ("PalletId", "Data") FROM stdin;
1333	{"PalletId":1333,"PalletNumber":"1","Barcode":"123456","YarnType":"DTY","Denier":150,"Filament":48,"Lustre":"SD","Intermingle":"NIM","Color":"Black","ColorCode":"50531","BobbinSize":"NML","PalletName":null,"Weight":700,"Price":1.5,"RemainWeight":-700,"Sold":true,"Note":null,"Lot":"123","Warehouse":"Asbir","Details":null,"Title":null,"Image":null,"ThumbnailImage":null,"NumberOfItems":0,"RemainingItems":0,"IsOnlineProduct":false,"IsDelivered":true,"DeliveryDate":"2021-04-18T10:17:29.172+00:00"}
\.


--
-- Data for Name: PalletFilter; Type: TABLE DATA; Schema: public; Owner: sa
--

COPY public."PalletFilter" ("PalletFilterId", "ColumnName", "Keywords") FROM stdin;
42	Warehouse	["Asbir"]
43	YarnType	["DTY"]
44	Sold	["true","false"]
\.


--
-- Data for Name: PalletPlan; Type: TABLE DATA; Schema: public; Owner: sa
--

COPY public."PalletPlan" ("PalletPlanId", "Details", "Weight") FROM stdin;
\.


--
-- Data for Name: Pallets; Type: TABLE DATA; Schema: public; Owner: sa
--

COPY public."Pallets" ("PalletId", "PalletNumber", "Barcode", "YarnType", "Denier", "Filament", "Lustre", "Intermingle", "Color", "ColorCode", "BobbinSize", "PalletName", "Weight", "Price", "RemainWeight", "Sold", "Note", "Lot", "Warehouse", "Details", "Title", "Image", "ThumbnailImage", "NumberOfItems", "RemainingItems", "IsOnlineProduct", "IsDelivered", "DeliveryDate") FROM stdin;
\.


--
-- Data for Name: Product; Type: TABLE DATA; Schema: public; Owner: sa
--

COPY public."Product" ("ProductId", "Name", "Title", "Description", "Image", "ThumbnailImage") FROM stdin;
\.


--
-- Data for Name: Proforma; Type: TABLE DATA; Schema: public; Owner: sa
--

COPY public."Proforma" ("ProformaId", "ProformaDate", "ProformaDueDate", "CustomerId", "TotalUsd", "Tax", "Kdv", "ExchangeRate", "Discount", "Paid", "Currency", "Comment") FROM stdin;
\.


--
-- Data for Name: ProformaDocumentFile; Type: TABLE DATA; Schema: public; Owner: sa
--

COPY public."ProformaDocumentFile" ("DocumentFileId", "ProformaId") FROM stdin;
\.


--
-- Data for Name: ProformaItem; Type: TABLE DATA; Schema: public; Owner: sa
--

COPY public."ProformaItem" ("ProformaItemId", "Description") FROM stdin;
\.


--
-- Data for Name: ProformaProformaItem; Type: TABLE DATA; Schema: public; Owner: sa
--

COPY public."ProformaProformaItem" ("ProformaId", "ProformaItemId", "Price", "Weight") FROM stdin;
\.


--
-- Data for Name: RequestStatus; Type: TABLE DATA; Schema: public; Owner: sa
--

COPY public."RequestStatus" ("Id", "Status") FROM stdin;
f42e8cdc-0543-49d2-a6bf-01f943dbebdb	Processing
\.


--
-- Data for Name: Setting; Type: TABLE DATA; Schema: public; Owner: sa
--

COPY public."Setting" ("Id", "Key", "Value") FROM stdin;
1	Warehouses	["Asbir","Hiz","Tekstilkent","Custom"]
2	Safe	500
\.


--
-- Data for Name: UserProfile; Type: TABLE DATA; Schema: public; Owner: sa
--

COPY public."UserProfile" ("UserProfileId", "FirstName", "LastName", "Email", "Password", "ConfirmPassword", "OldPassword", "ProfilePicture", "ApplicationUserId") FROM stdin;
\.


--
-- Data for Name: Vendor; Type: TABLE DATA; Schema: public; Owner: sa
--

COPY public."Vendor" ("VendorId", "VendorName", "Address", "City", "ZipCode", "Phone", "MobilePhone", "Email", "Website", "Vergi", "﻿20", "NULL", istanbul, "kazemnaseri41@gmail.com", "+90 539 585 47 46", "Kazem Naseri") FROM stdin;
156	Office work	\N	\N	\N	\N	\N	\N	\N	\N	\N	\N	\N	\N	\N	\N
\.


--
-- Data for Name: VendorDataView; Type: TABLE DATA; Schema: public; Owner: sa
--

COPY public."VendorDataView" ("VendorId", "Data") FROM stdin;
156	{"VendorId":156,"VendorName":"Office work","Address":null,"City":null,"ZipCode":null,"Phone":null,"MobilePhone":null,"Email":null,"Website":null,"Vergi":null}
\.


--
-- Data for Name: __EFMigrationsHistory; Type: TABLE DATA; Schema: public; Owner: sa
--

COPY public."__EFMigrationsHistory" ("MigrationId", "ProductVersion") FROM stdin;
20210403115440_initial	5.0.4
20210403122511_Init	5.0.4
\.


--
-- Name: Agent_AgentId_seq; Type: SEQUENCE SET; Schema: public; Owner: sa
--

SELECT pg_catalog.setval('public."Agent_AgentId_seq"', 10, false);


--
-- Name: AspNetRoleClaims_Id_seq; Type: SEQUENCE SET; Schema: public; Owner: sa
--

SELECT pg_catalog.setval('public."AspNetRoleClaims_Id_seq"', 1, false);


--
-- Name: AspNetUserClaims_Id_seq; Type: SEQUENCE SET; Schema: public; Owner: sa
--

SELECT pg_catalog.setval('public."AspNetUserClaims_Id_seq"', 1, false);


--
-- Name: Bill_BillId_seq; Type: SEQUENCE SET; Schema: public; Owner: sa
--

SELECT pg_catalog.setval('public."Bill_BillId_seq"', 1128, true);


--
-- Name: BoxFilter_BoxFilterId_seq; Type: SEQUENCE SET; Schema: public; Owner: sa
--

SELECT pg_catalog.setval('public."BoxFilter_BoxFilterId_seq"', 53, true);


--
-- Name: Box_BoxId_seq; Type: SEQUENCE SET; Schema: public; Owner: sa
--

SELECT pg_catalog.setval('public."Box_BoxId_seq"', 5997, false);


--
-- Name: ContainerPlan_ContainerPlanId_seq; Type: SEQUENCE SET; Schema: public; Owner: sa
--

SELECT pg_catalog.setval('public."ContainerPlan_ContainerPlanId_seq"', 10, false);


--
-- Name: Currency_CurrencyId_seq; Type: SEQUENCE SET; Schema: public; Owner: sa
--

SELECT pg_catalog.setval('public."Currency_CurrencyId_seq"', 1, false);


--
-- Name: Customer_CustomerId_seq; Type: SEQUENCE SET; Schema: public; Owner: sa
--

SELECT pg_catalog.setval('public."Customer_CustomerId_seq"', 155, true);


--
-- Name: DatabaseLogs_DatabaseLogId_seq; Type: SEQUENCE SET; Schema: public; Owner: sa
--

SELECT pg_catalog.setval('public."DatabaseLogs_DatabaseLogId_seq"', 2786, true);


--
-- Name: DocumentFile_DocumentFileId_seq; Type: SEQUENCE SET; Schema: public; Owner: sa
--

SELECT pg_catalog.setval('public."DocumentFile_DocumentFileId_seq"', 4643, true);


--
-- Name: GoodsContainer_GoodsContainerId_seq; Type: SEQUENCE SET; Schema: public; Owner: sa
--

SELECT pg_catalog.setval('public."GoodsContainer_GoodsContainerId_seq"', 39, true);


--
-- Name: InvoicePayment_InvoicePaymentId_seq; Type: SEQUENCE SET; Schema: public; Owner: sa
--

SELECT pg_catalog.setval('public."InvoicePayment_InvoicePaymentId_seq"', 418, true);


--
-- Name: Invoice_InvoiceId_seq; Type: SEQUENCE SET; Schema: public; Owner: sa
--

SELECT pg_catalog.setval('public."Invoice_InvoiceId_seq"', 620, true);


--
-- Name: Leave_LeaveId_seq; Type: SEQUENCE SET; Schema: public; Owner: sa
--

SELECT pg_catalog.setval('public."Leave_LeaveId_seq"', 8, false);


--
-- Name: Order_OrderId_seq; Type: SEQUENCE SET; Schema: public; Owner: sa
--

SELECT pg_catalog.setval('public."Order_OrderId_seq"', 24, false);


--
-- Name: PalletFilter_PalletFilterId_seq; Type: SEQUENCE SET; Schema: public; Owner: sa
--

SELECT pg_catalog.setval('public."PalletFilter_PalletFilterId_seq"', 44, true);


--
-- Name: PalletPlan_PalletPlanId_seq; Type: SEQUENCE SET; Schema: public; Owner: sa
--

SELECT pg_catalog.setval('public."PalletPlan_PalletPlanId_seq"', 74, false);


--
-- Name: Pallet_PalletId_seq; Type: SEQUENCE SET; Schema: public; Owner: sa
--

SELECT pg_catalog.setval('public."Pallet_PalletId_seq"', 1333, true);


--
-- Name: Pallets_PalletId_seq; Type: SEQUENCE SET; Schema: public; Owner: sa
--

SELECT pg_catalog.setval('public."Pallets_PalletId_seq"', 1, false);


--
-- Name: Product_ProductId_seq; Type: SEQUENCE SET; Schema: public; Owner: sa
--

SELECT pg_catalog.setval('public."Product_ProductId_seq"', 20, false);


--
-- Name: ProformaItem_ProformaItemId_seq; Type: SEQUENCE SET; Schema: public; Owner: sa
--

SELECT pg_catalog.setval('public."ProformaItem_ProformaItemId_seq"', 246, false);


--
-- Name: Proforma_ProformaId_seq; Type: SEQUENCE SET; Schema: public; Owner: sa
--

SELECT pg_catalog.setval('public."Proforma_ProformaId_seq"', 96, false);


--
-- Name: Setting_Id_seq; Type: SEQUENCE SET; Schema: public; Owner: sa
--

SELECT pg_catalog.setval('public."Setting_Id_seq"', 2, true);


--
-- Name: UserProfile_UserProfileId_seq; Type: SEQUENCE SET; Schema: public; Owner: sa
--

SELECT pg_catalog.setval('public."UserProfile_UserProfileId_seq"', 12, true);


--
-- Name: Vendor_VendorId_seq; Type: SEQUENCE SET; Schema: public; Owner: sa
--

SELECT pg_catalog.setval('public."Vendor_VendorId_seq"', 156, true);


--
-- Name: Agent PK_Agent; Type: CONSTRAINT; Schema: public; Owner: sa
--

ALTER TABLE ONLY public."Agent"
    ADD CONSTRAINT "PK_Agent" PRIMARY KEY ("AgentId");


--
-- Name: AgentCustomer PK_AgentCustomer; Type: CONSTRAINT; Schema: public; Owner: sa
--

ALTER TABLE ONLY public."AgentCustomer"
    ADD CONSTRAINT "PK_AgentCustomer" PRIMARY KEY ("CustomerId", "AgentId");


--
-- Name: AlertDataView PK_AlertDataView; Type: CONSTRAINT; Schema: public; Owner: sa
--

ALTER TABLE ONLY public."AlertDataView"
    ADD CONSTRAINT "PK_AlertDataView" PRIMARY KEY ("Id");


--
-- Name: AspNetRoleClaims PK_AspNetRoleClaims; Type: CONSTRAINT; Schema: public; Owner: sa
--

ALTER TABLE ONLY public."AspNetRoleClaims"
    ADD CONSTRAINT "PK_AspNetRoleClaims" PRIMARY KEY ("Id");


--
-- Name: AspNetRoles PK_AspNetRoles; Type: CONSTRAINT; Schema: public; Owner: sa
--

ALTER TABLE ONLY public."AspNetRoles"
    ADD CONSTRAINT "PK_AspNetRoles" PRIMARY KEY ("Id");


--
-- Name: AspNetUserClaims PK_AspNetUserClaims; Type: CONSTRAINT; Schema: public; Owner: sa
--

ALTER TABLE ONLY public."AspNetUserClaims"
    ADD CONSTRAINT "PK_AspNetUserClaims" PRIMARY KEY ("Id");


--
-- Name: AspNetUserLogins PK_AspNetUserLogins; Type: CONSTRAINT; Schema: public; Owner: sa
--

ALTER TABLE ONLY public."AspNetUserLogins"
    ADD CONSTRAINT "PK_AspNetUserLogins" PRIMARY KEY ("LoginProvider", "ProviderKey");


--
-- Name: AspNetUserRoles PK_AspNetUserRoles; Type: CONSTRAINT; Schema: public; Owner: sa
--

ALTER TABLE ONLY public."AspNetUserRoles"
    ADD CONSTRAINT "PK_AspNetUserRoles" PRIMARY KEY ("UserId", "RoleId");


--
-- Name: AspNetUserTokens PK_AspNetUserTokens; Type: CONSTRAINT; Schema: public; Owner: sa
--

ALTER TABLE ONLY public."AspNetUserTokens"
    ADD CONSTRAINT "PK_AspNetUserTokens" PRIMARY KEY ("UserId", "LoginProvider", "Name");


--
-- Name: AspNetUsers PK_AspNetUsers; Type: CONSTRAINT; Schema: public; Owner: sa
--

ALTER TABLE ONLY public."AspNetUsers"
    ADD CONSTRAINT "PK_AspNetUsers" PRIMARY KEY ("Id");


--
-- Name: Bill PK_Bill; Type: CONSTRAINT; Schema: public; Owner: sa
--

ALTER TABLE ONLY public."Bill"
    ADD CONSTRAINT "PK_Bill" PRIMARY KEY ("BillId");


--
-- Name: BillBankDataView PK_BillBankDataView; Type: CONSTRAINT; Schema: public; Owner: sa
--

ALTER TABLE ONLY public."BillBankDataView"
    ADD CONSTRAINT "PK_BillBankDataView" PRIMARY KEY ("BillId");


--
-- Name: BillDataView PK_BillDataView; Type: CONSTRAINT; Schema: public; Owner: sa
--

ALTER TABLE ONLY public."BillDataView"
    ADD CONSTRAINT "PK_BillDataView" PRIMARY KEY ("BillId");


--
-- Name: BillDocumentFile PK_BillDocumentFile; Type: CONSTRAINT; Schema: public; Owner: sa
--

ALTER TABLE ONLY public."BillDocumentFile"
    ADD CONSTRAINT "PK_BillDocumentFile" PRIMARY KEY ("BillId", "DocumentFileId");


--
-- Name: Box PK_Box; Type: CONSTRAINT; Schema: public; Owner: sa
--

ALTER TABLE ONLY public."Box"
    ADD CONSTRAINT "PK_Box" PRIMARY KEY ("BoxId");


--
-- Name: BoxDataView PK_BoxDataView; Type: CONSTRAINT; Schema: public; Owner: sa
--

ALTER TABLE ONLY public."BoxDataView"
    ADD CONSTRAINT "PK_BoxDataView" PRIMARY KEY ("BoxId");


--
-- Name: BoxFilter PK_BoxFilter; Type: CONSTRAINT; Schema: public; Owner: sa
--

ALTER TABLE ONLY public."BoxFilter"
    ADD CONSTRAINT "PK_BoxFilter" PRIMARY KEY ("BoxFilterId");


--
-- Name: ContainerPlan PK_ContainerPlan; Type: CONSTRAINT; Schema: public; Owner: sa
--

ALTER TABLE ONLY public."ContainerPlan"
    ADD CONSTRAINT "PK_ContainerPlan" PRIMARY KEY ("ContainerPlanId");


--
-- Name: ContainerPlanDocumentFile PK_ContainerPlanDocumentFile; Type: CONSTRAINT; Schema: public; Owner: sa
--

ALTER TABLE ONLY public."ContainerPlanDocumentFile"
    ADD CONSTRAINT "PK_ContainerPlanDocumentFile" PRIMARY KEY ("ContainerPlanId", "DocumentFileId");


--
-- Name: ContainerPlanPalletPlan PK_ContainerPlanPalletPlan; Type: CONSTRAINT; Schema: public; Owner: sa
--

ALTER TABLE ONLY public."ContainerPlanPalletPlan"
    ADD CONSTRAINT "PK_ContainerPlanPalletPlan" PRIMARY KEY ("ContainerPlanId", "PalletPlanId");


--
-- Name: Currency PK_Currency; Type: CONSTRAINT; Schema: public; Owner: sa
--

ALTER TABLE ONLY public."Currency"
    ADD CONSTRAINT "PK_Currency" PRIMARY KEY ("CurrencyId");


--
-- Name: Customer PK_Customer; Type: CONSTRAINT; Schema: public; Owner: sa
--

ALTER TABLE ONLY public."Customer"
    ADD CONSTRAINT "PK_Customer" PRIMARY KEY ("CustomerId");


--
-- Name: CustomerDataView PK_CustomerDataView; Type: CONSTRAINT; Schema: public; Owner: sa
--

ALTER TABLE ONLY public."CustomerDataView"
    ADD CONSTRAINT "PK_CustomerDataView" PRIMARY KEY ("CustomerId");


--
-- Name: DatabaseLogs PK_DatabaseLogs; Type: CONSTRAINT; Schema: public; Owner: sa
--

ALTER TABLE ONLY public."DatabaseLogs"
    ADD CONSTRAINT "PK_DatabaseLogs" PRIMARY KEY ("DatabaseLogId");


--
-- Name: DocumentFile PK_DocumentFile; Type: CONSTRAINT; Schema: public; Owner: sa
--

ALTER TABLE ONLY public."DocumentFile"
    ADD CONSTRAINT "PK_DocumentFile" PRIMARY KEY ("DocumentFileId");


--
-- Name: GoodsContainer PK_GoodsContainer; Type: CONSTRAINT; Schema: public; Owner: sa
--

ALTER TABLE ONLY public."GoodsContainer"
    ADD CONSTRAINT "PK_GoodsContainer" PRIMARY KEY ("GoodsContainerId");


--
-- Name: GoodsContainerDocumentFile PK_GoodsContainerDocumentFile; Type: CONSTRAINT; Schema: public; Owner: sa
--

ALTER TABLE ONLY public."GoodsContainerDocumentFile"
    ADD CONSTRAINT "PK_GoodsContainerDocumentFile" PRIMARY KEY ("GoodsContainerId", "DocumentFileId");


--
-- Name: GoodsContainerPallet PK_GoodsContainerPallet; Type: CONSTRAINT; Schema: public; Owner: sa
--

ALTER TABLE ONLY public."GoodsContainerPallet"
    ADD CONSTRAINT "PK_GoodsContainerPallet" PRIMARY KEY ("GoodsContainerId", "PalletId");


--
-- Name: Invoice PK_Invoice; Type: CONSTRAINT; Schema: public; Owner: sa
--

ALTER TABLE ONLY public."Invoice"
    ADD CONSTRAINT "PK_Invoice" PRIMARY KEY ("InvoiceId");


--
-- Name: InvoiceBox PK_InvoiceBox; Type: CONSTRAINT; Schema: public; Owner: sa
--

ALTER TABLE ONLY public."InvoiceBox"
    ADD CONSTRAINT "PK_InvoiceBox" PRIMARY KEY ("InvoiceId", "BoxId");


--
-- Name: InvoiceDataView PK_InvoiceDataView; Type: CONSTRAINT; Schema: public; Owner: sa
--

ALTER TABLE ONLY public."InvoiceDataView"
    ADD CONSTRAINT "PK_InvoiceDataView" PRIMARY KEY ("InvoiceId");


--
-- Name: InvoiceDocumentFile PK_InvoiceDocumentFile; Type: CONSTRAINT; Schema: public; Owner: sa
--

ALTER TABLE ONLY public."InvoiceDocumentFile"
    ADD CONSTRAINT "PK_InvoiceDocumentFile" PRIMARY KEY ("InvoiceId", "DocumentFileId");


--
-- Name: InvoicePallet PK_InvoicePallet; Type: CONSTRAINT; Schema: public; Owner: sa
--

ALTER TABLE ONLY public."InvoicePallet"
    ADD CONSTRAINT "PK_InvoicePallet" PRIMARY KEY ("InvoiceId", "PalletId");


--
-- Name: InvoicePayment PK_InvoicePayment; Type: CONSTRAINT; Schema: public; Owner: sa
--

ALTER TABLE ONLY public."InvoicePayment"
    ADD CONSTRAINT "PK_InvoicePayment" PRIMARY KEY ("InvoicePaymentId");


--
-- Name: Leave PK_Leave; Type: CONSTRAINT; Schema: public; Owner: sa
--

ALTER TABLE ONLY public."Leave"
    ADD CONSTRAINT "PK_Leave" PRIMARY KEY ("LeaveId");


--
-- Name: Order PK_Order; Type: CONSTRAINT; Schema: public; Owner: sa
--

ALTER TABLE ONLY public."Order"
    ADD CONSTRAINT "PK_Order" PRIMARY KEY ("OrderId");


--
-- Name: OrderDocumentFile PK_OrderDocumentFile; Type: CONSTRAINT; Schema: public; Owner: sa
--

ALTER TABLE ONLY public."OrderDocumentFile"
    ADD CONSTRAINT "PK_OrderDocumentFile" PRIMARY KEY ("OrderId", "DocumentFileId");


--
-- Name: Pallet PK_Pallet; Type: CONSTRAINT; Schema: public; Owner: sa
--

ALTER TABLE ONLY public."Pallet"
    ADD CONSTRAINT "PK_Pallet" PRIMARY KEY ("PalletId");


--
-- Name: PalletDataView PK_PalletDataView; Type: CONSTRAINT; Schema: public; Owner: sa
--

ALTER TABLE ONLY public."PalletDataView"
    ADD CONSTRAINT "PK_PalletDataView" PRIMARY KEY ("PalletId");


--
-- Name: PalletFilter PK_PalletFilter; Type: CONSTRAINT; Schema: public; Owner: sa
--

ALTER TABLE ONLY public."PalletFilter"
    ADD CONSTRAINT "PK_PalletFilter" PRIMARY KEY ("PalletFilterId");


--
-- Name: PalletPlan PK_PalletPlan; Type: CONSTRAINT; Schema: public; Owner: sa
--

ALTER TABLE ONLY public."PalletPlan"
    ADD CONSTRAINT "PK_PalletPlan" PRIMARY KEY ("PalletPlanId");


--
-- Name: Pallets PK_Pallets; Type: CONSTRAINT; Schema: public; Owner: sa
--

ALTER TABLE ONLY public."Pallets"
    ADD CONSTRAINT "PK_Pallets" PRIMARY KEY ("PalletId");


--
-- Name: Product PK_Product; Type: CONSTRAINT; Schema: public; Owner: sa
--

ALTER TABLE ONLY public."Product"
    ADD CONSTRAINT "PK_Product" PRIMARY KEY ("ProductId");


--
-- Name: Proforma PK_Proforma; Type: CONSTRAINT; Schema: public; Owner: sa
--

ALTER TABLE ONLY public."Proforma"
    ADD CONSTRAINT "PK_Proforma" PRIMARY KEY ("ProformaId");


--
-- Name: ProformaDocumentFile PK_ProformaDocumentFile; Type: CONSTRAINT; Schema: public; Owner: sa
--

ALTER TABLE ONLY public."ProformaDocumentFile"
    ADD CONSTRAINT "PK_ProformaDocumentFile" PRIMARY KEY ("ProformaId", "DocumentFileId");


--
-- Name: ProformaItem PK_ProformaItem; Type: CONSTRAINT; Schema: public; Owner: sa
--

ALTER TABLE ONLY public."ProformaItem"
    ADD CONSTRAINT "PK_ProformaItem" PRIMARY KEY ("ProformaItemId");


--
-- Name: ProformaProformaItem PK_ProformaProformaItem; Type: CONSTRAINT; Schema: public; Owner: sa
--

ALTER TABLE ONLY public."ProformaProformaItem"
    ADD CONSTRAINT "PK_ProformaProformaItem" PRIMARY KEY ("ProformaId", "ProformaItemId");


--
-- Name: RequestStatus PK_RequestStatus; Type: CONSTRAINT; Schema: public; Owner: sa
--

ALTER TABLE ONLY public."RequestStatus"
    ADD CONSTRAINT "PK_RequestStatus" PRIMARY KEY ("Id");


--
-- Name: Setting PK_Setting; Type: CONSTRAINT; Schema: public; Owner: sa
--

ALTER TABLE ONLY public."Setting"
    ADD CONSTRAINT "PK_Setting" PRIMARY KEY ("Id");


--
-- Name: UserProfile PK_UserProfile; Type: CONSTRAINT; Schema: public; Owner: sa
--

ALTER TABLE ONLY public."UserProfile"
    ADD CONSTRAINT "PK_UserProfile" PRIMARY KEY ("UserProfileId");


--
-- Name: Vendor PK_Vendor; Type: CONSTRAINT; Schema: public; Owner: sa
--

ALTER TABLE ONLY public."Vendor"
    ADD CONSTRAINT "PK_Vendor" PRIMARY KEY ("VendorId");


--
-- Name: VendorDataView PK_VendorDataView; Type: CONSTRAINT; Schema: public; Owner: sa
--

ALTER TABLE ONLY public."VendorDataView"
    ADD CONSTRAINT "PK_VendorDataView" PRIMARY KEY ("VendorId");


--
-- Name: __EFMigrationsHistory PK___EFMigrationsHistory; Type: CONSTRAINT; Schema: public; Owner: sa
--

ALTER TABLE ONLY public."__EFMigrationsHistory"
    ADD CONSTRAINT "PK___EFMigrationsHistory" PRIMARY KEY ("MigrationId");


--
-- Name: EmailIndex; Type: INDEX; Schema: public; Owner: sa
--

CREATE INDEX "EmailIndex" ON public."AspNetUsers" USING btree ("NormalizedEmail");


--
-- Name: IX_AgentCustomer_AgentId; Type: INDEX; Schema: public; Owner: sa
--

CREATE INDEX "IX_AgentCustomer_AgentId" ON public."AgentCustomer" USING btree ("AgentId");


--
-- Name: IX_AspNetRoleClaims_RoleId; Type: INDEX; Schema: public; Owner: sa
--

CREATE INDEX "IX_AspNetRoleClaims_RoleId" ON public."AspNetRoleClaims" USING btree ("RoleId");


--
-- Name: IX_AspNetUserClaims_UserId; Type: INDEX; Schema: public; Owner: sa
--

CREATE INDEX "IX_AspNetUserClaims_UserId" ON public."AspNetUserClaims" USING btree ("UserId");


--
-- Name: IX_AspNetUserLogins_UserId; Type: INDEX; Schema: public; Owner: sa
--

CREATE INDEX "IX_AspNetUserLogins_UserId" ON public."AspNetUserLogins" USING btree ("UserId");


--
-- Name: IX_AspNetUserRoles_RoleId; Type: INDEX; Schema: public; Owner: sa
--

CREATE INDEX "IX_AspNetUserRoles_RoleId" ON public."AspNetUserRoles" USING btree ("RoleId");


--
-- Name: IX_BillDocumentFile_DocumentFileId; Type: INDEX; Schema: public; Owner: sa
--

CREATE INDEX "IX_BillDocumentFile_DocumentFileId" ON public."BillDocumentFile" USING btree ("DocumentFileId");


--
-- Name: IX_Bill_VendorId; Type: INDEX; Schema: public; Owner: sa
--

CREATE INDEX "IX_Bill_VendorId" ON public."Bill" USING btree ("VendorId");


--
-- Name: IX_Box_PalletId; Type: INDEX; Schema: public; Owner: sa
--

CREATE INDEX "IX_Box_PalletId" ON public."Box" USING btree ("PalletId");


--
-- Name: IX_ContainerPlanDocumentFile_DocumentFileId; Type: INDEX; Schema: public; Owner: sa
--

CREATE INDEX "IX_ContainerPlanDocumentFile_DocumentFileId" ON public."ContainerPlanDocumentFile" USING btree ("DocumentFileId");


--
-- Name: IX_ContainerPlanPalletPlan_PalletPlanId; Type: INDEX; Schema: public; Owner: sa
--

CREATE INDEX "IX_ContainerPlanPalletPlan_PalletPlanId" ON public."ContainerPlanPalletPlan" USING btree ("PalletPlanId");


--
-- Name: IX_GoodsContainerDocumentFile_DocumentFileId; Type: INDEX; Schema: public; Owner: sa
--

CREATE INDEX "IX_GoodsContainerDocumentFile_DocumentFileId" ON public."GoodsContainerDocumentFile" USING btree ("DocumentFileId");


--
-- Name: IX_GoodsContainerPallet_PalletId; Type: INDEX; Schema: public; Owner: sa
--

CREATE INDEX "IX_GoodsContainerPallet_PalletId" ON public."GoodsContainerPallet" USING btree ("PalletId");


--
-- Name: IX_InvoiceBox_BoxId; Type: INDEX; Schema: public; Owner: sa
--

CREATE INDEX "IX_InvoiceBox_BoxId" ON public."InvoiceBox" USING btree ("BoxId");


--
-- Name: IX_InvoiceDocumentFile_DocumentFileId; Type: INDEX; Schema: public; Owner: sa
--

CREATE INDEX "IX_InvoiceDocumentFile_DocumentFileId" ON public."InvoiceDocumentFile" USING btree ("DocumentFileId");


--
-- Name: IX_InvoicePallet_PalletId; Type: INDEX; Schema: public; Owner: sa
--

CREATE INDEX "IX_InvoicePallet_PalletId" ON public."InvoicePallet" USING btree ("PalletId");


--
-- Name: IX_InvoicePayment_InvoiceId; Type: INDEX; Schema: public; Owner: sa
--

CREATE INDEX "IX_InvoicePayment_InvoiceId" ON public."InvoicePayment" USING btree ("InvoiceId");


--
-- Name: IX_Invoice_CustomerId; Type: INDEX; Schema: public; Owner: sa
--

CREATE INDEX "IX_Invoice_CustomerId" ON public."Invoice" USING btree ("CustomerId");


--
-- Name: IX_Leave_VendorId; Type: INDEX; Schema: public; Owner: sa
--

CREATE INDEX "IX_Leave_VendorId" ON public."Leave" USING btree ("VendorId");


--
-- Name: IX_OrderDocumentFile_DocumentFileId; Type: INDEX; Schema: public; Owner: sa
--

CREATE INDEX "IX_OrderDocumentFile_DocumentFileId" ON public."OrderDocumentFile" USING btree ("DocumentFileId");


--
-- Name: IX_Order_CustomerId; Type: INDEX; Schema: public; Owner: sa
--

CREATE INDEX "IX_Order_CustomerId" ON public."Order" USING btree ("CustomerId");


--
-- Name: IX_ProformaDocumentFile_DocumentFileId; Type: INDEX; Schema: public; Owner: sa
--

CREATE INDEX "IX_ProformaDocumentFile_DocumentFileId" ON public."ProformaDocumentFile" USING btree ("DocumentFileId");


--
-- Name: IX_ProformaProformaItem_ProformaItemId; Type: INDEX; Schema: public; Owner: sa
--

CREATE INDEX "IX_ProformaProformaItem_ProformaItemId" ON public."ProformaProformaItem" USING btree ("ProformaItemId");


--
-- Name: IX_Proforma_CustomerId; Type: INDEX; Schema: public; Owner: sa
--

CREATE INDEX "IX_Proforma_CustomerId" ON public."Proforma" USING btree ("CustomerId");


--
-- Name: RoleNameIndex; Type: INDEX; Schema: public; Owner: sa
--

CREATE UNIQUE INDEX "RoleNameIndex" ON public."AspNetRoles" USING btree ("NormalizedName");


--
-- Name: UserNameIndex; Type: INDEX; Schema: public; Owner: sa
--

CREATE UNIQUE INDEX "UserNameIndex" ON public."AspNetUsers" USING btree ("NormalizedUserName");


--
-- Name: AgentCustomer FK_AgentCustomer_Agent_AgentId; Type: FK CONSTRAINT; Schema: public; Owner: sa
--

ALTER TABLE ONLY public."AgentCustomer"
    ADD CONSTRAINT "FK_AgentCustomer_Agent_AgentId" FOREIGN KEY ("AgentId") REFERENCES public."Agent"("AgentId") ON DELETE CASCADE;


--
-- Name: AgentCustomer FK_AgentCustomer_Customer_CustomerId; Type: FK CONSTRAINT; Schema: public; Owner: sa
--

ALTER TABLE ONLY public."AgentCustomer"
    ADD CONSTRAINT "FK_AgentCustomer_Customer_CustomerId" FOREIGN KEY ("CustomerId") REFERENCES public."Customer"("CustomerId") ON DELETE CASCADE;


--
-- Name: AspNetRoleClaims FK_AspNetRoleClaims_AspNetRoles_RoleId; Type: FK CONSTRAINT; Schema: public; Owner: sa
--

ALTER TABLE ONLY public."AspNetRoleClaims"
    ADD CONSTRAINT "FK_AspNetRoleClaims_AspNetRoles_RoleId" FOREIGN KEY ("RoleId") REFERENCES public."AspNetRoles"("Id") ON DELETE CASCADE;


--
-- Name: AspNetUserClaims FK_AspNetUserClaims_AspNetUsers_UserId; Type: FK CONSTRAINT; Schema: public; Owner: sa
--

ALTER TABLE ONLY public."AspNetUserClaims"
    ADD CONSTRAINT "FK_AspNetUserClaims_AspNetUsers_UserId" FOREIGN KEY ("UserId") REFERENCES public."AspNetUsers"("Id") ON DELETE CASCADE;


--
-- Name: AspNetUserLogins FK_AspNetUserLogins_AspNetUsers_UserId; Type: FK CONSTRAINT; Schema: public; Owner: sa
--

ALTER TABLE ONLY public."AspNetUserLogins"
    ADD CONSTRAINT "FK_AspNetUserLogins_AspNetUsers_UserId" FOREIGN KEY ("UserId") REFERENCES public."AspNetUsers"("Id") ON DELETE CASCADE;


--
-- Name: AspNetUserRoles FK_AspNetUserRoles_AspNetRoles_RoleId; Type: FK CONSTRAINT; Schema: public; Owner: sa
--

ALTER TABLE ONLY public."AspNetUserRoles"
    ADD CONSTRAINT "FK_AspNetUserRoles_AspNetRoles_RoleId" FOREIGN KEY ("RoleId") REFERENCES public."AspNetRoles"("Id") ON DELETE CASCADE;


--
-- Name: AspNetUserRoles FK_AspNetUserRoles_AspNetUsers_UserId; Type: FK CONSTRAINT; Schema: public; Owner: sa
--

ALTER TABLE ONLY public."AspNetUserRoles"
    ADD CONSTRAINT "FK_AspNetUserRoles_AspNetUsers_UserId" FOREIGN KEY ("UserId") REFERENCES public."AspNetUsers"("Id") ON DELETE CASCADE;


--
-- Name: AspNetUserTokens FK_AspNetUserTokens_AspNetUsers_UserId; Type: FK CONSTRAINT; Schema: public; Owner: sa
--

ALTER TABLE ONLY public."AspNetUserTokens"
    ADD CONSTRAINT "FK_AspNetUserTokens_AspNetUsers_UserId" FOREIGN KEY ("UserId") REFERENCES public."AspNetUsers"("Id") ON DELETE CASCADE;


--
-- Name: BillDocumentFile FK_BillDocumentFile_Bill_BillId; Type: FK CONSTRAINT; Schema: public; Owner: sa
--

ALTER TABLE ONLY public."BillDocumentFile"
    ADD CONSTRAINT "FK_BillDocumentFile_Bill_BillId" FOREIGN KEY ("BillId") REFERENCES public."Bill"("BillId") ON DELETE CASCADE;


--
-- Name: BillDocumentFile FK_BillDocumentFile_DocumentFile_DocumentFileId; Type: FK CONSTRAINT; Schema: public; Owner: sa
--

ALTER TABLE ONLY public."BillDocumentFile"
    ADD CONSTRAINT "FK_BillDocumentFile_DocumentFile_DocumentFileId" FOREIGN KEY ("DocumentFileId") REFERENCES public."DocumentFile"("DocumentFileId") ON DELETE CASCADE;


--
-- Name: Bill FK_Bill_Vendor_VendorId; Type: FK CONSTRAINT; Schema: public; Owner: sa
--

ALTER TABLE ONLY public."Bill"
    ADD CONSTRAINT "FK_Bill_Vendor_VendorId" FOREIGN KEY ("VendorId") REFERENCES public."Vendor"("VendorId") ON DELETE RESTRICT;


--
-- Name: Box FK_Box_Pallet_PalletId; Type: FK CONSTRAINT; Schema: public; Owner: sa
--

ALTER TABLE ONLY public."Box"
    ADD CONSTRAINT "FK_Box_Pallet_PalletId" FOREIGN KEY ("PalletId") REFERENCES public."Pallet"("PalletId") ON DELETE CASCADE;


--
-- Name: ContainerPlanDocumentFile FK_ContainerPlanDocumentFile_ContainerPlan_ContainerPlanId; Type: FK CONSTRAINT; Schema: public; Owner: sa
--

ALTER TABLE ONLY public."ContainerPlanDocumentFile"
    ADD CONSTRAINT "FK_ContainerPlanDocumentFile_ContainerPlan_ContainerPlanId" FOREIGN KEY ("ContainerPlanId") REFERENCES public."ContainerPlan"("ContainerPlanId") ON DELETE CASCADE;


--
-- Name: ContainerPlanDocumentFile FK_ContainerPlanDocumentFile_DocumentFile_DocumentFileId; Type: FK CONSTRAINT; Schema: public; Owner: sa
--

ALTER TABLE ONLY public."ContainerPlanDocumentFile"
    ADD CONSTRAINT "FK_ContainerPlanDocumentFile_DocumentFile_DocumentFileId" FOREIGN KEY ("DocumentFileId") REFERENCES public."DocumentFile"("DocumentFileId") ON DELETE CASCADE;


--
-- Name: ContainerPlanPalletPlan FK_ContainerPlanPalletPlan_ContainerPlan_ContainerPlanId; Type: FK CONSTRAINT; Schema: public; Owner: sa
--

ALTER TABLE ONLY public."ContainerPlanPalletPlan"
    ADD CONSTRAINT "FK_ContainerPlanPalletPlan_ContainerPlan_ContainerPlanId" FOREIGN KEY ("ContainerPlanId") REFERENCES public."ContainerPlan"("ContainerPlanId") ON DELETE CASCADE;


--
-- Name: ContainerPlanPalletPlan FK_ContainerPlanPalletPlan_PalletPlan_PalletPlanId; Type: FK CONSTRAINT; Schema: public; Owner: sa
--

ALTER TABLE ONLY public."ContainerPlanPalletPlan"
    ADD CONSTRAINT "FK_ContainerPlanPalletPlan_PalletPlan_PalletPlanId" FOREIGN KEY ("PalletPlanId") REFERENCES public."PalletPlan"("PalletPlanId") ON DELETE CASCADE;


--
-- Name: GoodsContainerDocumentFile FK_GoodsContainerDocumentFile_DocumentFile_DocumentFileId; Type: FK CONSTRAINT; Schema: public; Owner: sa
--

ALTER TABLE ONLY public."GoodsContainerDocumentFile"
    ADD CONSTRAINT "FK_GoodsContainerDocumentFile_DocumentFile_DocumentFileId" FOREIGN KEY ("DocumentFileId") REFERENCES public."DocumentFile"("DocumentFileId") ON DELETE CASCADE;


--
-- Name: GoodsContainerDocumentFile FK_GoodsContainerDocumentFile_GoodsContainer_GoodsContainerId; Type: FK CONSTRAINT; Schema: public; Owner: sa
--

ALTER TABLE ONLY public."GoodsContainerDocumentFile"
    ADD CONSTRAINT "FK_GoodsContainerDocumentFile_GoodsContainer_GoodsContainerId" FOREIGN KEY ("GoodsContainerId") REFERENCES public."GoodsContainer"("GoodsContainerId") ON DELETE CASCADE;


--
-- Name: GoodsContainerPallet FK_GoodsContainerPallet_GoodsContainer_GoodsContainerId; Type: FK CONSTRAINT; Schema: public; Owner: sa
--

ALTER TABLE ONLY public."GoodsContainerPallet"
    ADD CONSTRAINT "FK_GoodsContainerPallet_GoodsContainer_GoodsContainerId" FOREIGN KEY ("GoodsContainerId") REFERENCES public."GoodsContainer"("GoodsContainerId") ON DELETE CASCADE;


--
-- Name: GoodsContainerPallet FK_GoodsContainerPallet_Pallet_PalletId; Type: FK CONSTRAINT; Schema: public; Owner: sa
--

ALTER TABLE ONLY public."GoodsContainerPallet"
    ADD CONSTRAINT "FK_GoodsContainerPallet_Pallet_PalletId" FOREIGN KEY ("PalletId") REFERENCES public."Pallet"("PalletId") ON DELETE CASCADE;


--
-- Name: InvoiceBox FK_InvoiceBox_Box_BoxId; Type: FK CONSTRAINT; Schema: public; Owner: sa
--

ALTER TABLE ONLY public."InvoiceBox"
    ADD CONSTRAINT "FK_InvoiceBox_Box_BoxId" FOREIGN KEY ("BoxId") REFERENCES public."Box"("BoxId") ON DELETE CASCADE;


--
-- Name: InvoiceBox FK_InvoiceBox_Invoice_InvoiceId; Type: FK CONSTRAINT; Schema: public; Owner: sa
--

ALTER TABLE ONLY public."InvoiceBox"
    ADD CONSTRAINT "FK_InvoiceBox_Invoice_InvoiceId" FOREIGN KEY ("InvoiceId") REFERENCES public."Invoice"("InvoiceId") ON DELETE CASCADE;


--
-- Name: InvoiceDocumentFile FK_InvoiceDocumentFile_DocumentFile_DocumentFileId; Type: FK CONSTRAINT; Schema: public; Owner: sa
--

ALTER TABLE ONLY public."InvoiceDocumentFile"
    ADD CONSTRAINT "FK_InvoiceDocumentFile_DocumentFile_DocumentFileId" FOREIGN KEY ("DocumentFileId") REFERENCES public."DocumentFile"("DocumentFileId") ON DELETE CASCADE;


--
-- Name: InvoiceDocumentFile FK_InvoiceDocumentFile_Invoice_InvoiceId; Type: FK CONSTRAINT; Schema: public; Owner: sa
--

ALTER TABLE ONLY public."InvoiceDocumentFile"
    ADD CONSTRAINT "FK_InvoiceDocumentFile_Invoice_InvoiceId" FOREIGN KEY ("InvoiceId") REFERENCES public."Invoice"("InvoiceId") ON DELETE CASCADE;


--
-- Name: InvoicePallet FK_InvoicePallet_Invoice_InvoiceId; Type: FK CONSTRAINT; Schema: public; Owner: sa
--

ALTER TABLE ONLY public."InvoicePallet"
    ADD CONSTRAINT "FK_InvoicePallet_Invoice_InvoiceId" FOREIGN KEY ("InvoiceId") REFERENCES public."Invoice"("InvoiceId") ON DELETE CASCADE;


--
-- Name: InvoicePallet FK_InvoicePallet_Pallet_PalletId; Type: FK CONSTRAINT; Schema: public; Owner: sa
--

ALTER TABLE ONLY public."InvoicePallet"
    ADD CONSTRAINT "FK_InvoicePallet_Pallet_PalletId" FOREIGN KEY ("PalletId") REFERENCES public."Pallet"("PalletId") ON DELETE CASCADE;


--
-- Name: InvoicePayment FK_InvoicePayment_Invoice_InvoiceId; Type: FK CONSTRAINT; Schema: public; Owner: sa
--

ALTER TABLE ONLY public."InvoicePayment"
    ADD CONSTRAINT "FK_InvoicePayment_Invoice_InvoiceId" FOREIGN KEY ("InvoiceId") REFERENCES public."Invoice"("InvoiceId") ON DELETE CASCADE;


--
-- Name: Invoice FK_Invoice_Customer_CustomerId; Type: FK CONSTRAINT; Schema: public; Owner: sa
--

ALTER TABLE ONLY public."Invoice"
    ADD CONSTRAINT "FK_Invoice_Customer_CustomerId" FOREIGN KEY ("CustomerId") REFERENCES public."Customer"("CustomerId") ON DELETE RESTRICT;


--
-- Name: Leave FK_Leave_Vendor_VendorId; Type: FK CONSTRAINT; Schema: public; Owner: sa
--

ALTER TABLE ONLY public."Leave"
    ADD CONSTRAINT "FK_Leave_Vendor_VendorId" FOREIGN KEY ("VendorId") REFERENCES public."Vendor"("VendorId") ON DELETE CASCADE;


--
-- Name: OrderDocumentFile FK_OrderDocumentFile_DocumentFile_DocumentFileId; Type: FK CONSTRAINT; Schema: public; Owner: sa
--

ALTER TABLE ONLY public."OrderDocumentFile"
    ADD CONSTRAINT "FK_OrderDocumentFile_DocumentFile_DocumentFileId" FOREIGN KEY ("DocumentFileId") REFERENCES public."DocumentFile"("DocumentFileId") ON DELETE CASCADE;


--
-- Name: OrderDocumentFile FK_OrderDocumentFile_Order_OrderId; Type: FK CONSTRAINT; Schema: public; Owner: sa
--

ALTER TABLE ONLY public."OrderDocumentFile"
    ADD CONSTRAINT "FK_OrderDocumentFile_Order_OrderId" FOREIGN KEY ("OrderId") REFERENCES public."Order"("OrderId") ON DELETE CASCADE;


--
-- Name: Order FK_Order_Customer_CustomerId; Type: FK CONSTRAINT; Schema: public; Owner: sa
--

ALTER TABLE ONLY public."Order"
    ADD CONSTRAINT "FK_Order_Customer_CustomerId" FOREIGN KEY ("CustomerId") REFERENCES public."Customer"("CustomerId") ON DELETE RESTRICT;


--
-- Name: ProformaDocumentFile FK_ProformaDocumentFile_DocumentFile_DocumentFileId; Type: FK CONSTRAINT; Schema: public; Owner: sa
--

ALTER TABLE ONLY public."ProformaDocumentFile"
    ADD CONSTRAINT "FK_ProformaDocumentFile_DocumentFile_DocumentFileId" FOREIGN KEY ("DocumentFileId") REFERENCES public."DocumentFile"("DocumentFileId") ON DELETE CASCADE;


--
-- Name: ProformaDocumentFile FK_ProformaDocumentFile_Proforma_ProformaId; Type: FK CONSTRAINT; Schema: public; Owner: sa
--

ALTER TABLE ONLY public."ProformaDocumentFile"
    ADD CONSTRAINT "FK_ProformaDocumentFile_Proforma_ProformaId" FOREIGN KEY ("ProformaId") REFERENCES public."Proforma"("ProformaId") ON DELETE CASCADE;


--
-- Name: ProformaProformaItem FK_ProformaProformaItem_ProformaItem_ProformaItemId; Type: FK CONSTRAINT; Schema: public; Owner: sa
--

ALTER TABLE ONLY public."ProformaProformaItem"
    ADD CONSTRAINT "FK_ProformaProformaItem_ProformaItem_ProformaItemId" FOREIGN KEY ("ProformaItemId") REFERENCES public."ProformaItem"("ProformaItemId") ON DELETE CASCADE;


--
-- Name: ProformaProformaItem FK_ProformaProformaItem_Proforma_ProformaId; Type: FK CONSTRAINT; Schema: public; Owner: sa
--

ALTER TABLE ONLY public."ProformaProformaItem"
    ADD CONSTRAINT "FK_ProformaProformaItem_Proforma_ProformaId" FOREIGN KEY ("ProformaId") REFERENCES public."Proforma"("ProformaId") ON DELETE CASCADE;


--
-- Name: Proforma FK_Proforma_Customer_CustomerId; Type: FK CONSTRAINT; Schema: public; Owner: sa
--

ALTER TABLE ONLY public."Proforma"
    ADD CONSTRAINT "FK_Proforma_Customer_CustomerId" FOREIGN KEY ("CustomerId") REFERENCES public."Customer"("CustomerId") ON DELETE RESTRICT;


--
-- PostgreSQL database dump complete
--

